,Unnamed: 0,name,bubble,review
0,0,Bonjour Vietnam,4 ud af 5 bobler,391 anmeldelser
1,1,Grams Lækkerier,5 ud af 5 bobler,718 anmeldelser
2,2,Restaurant Krebsegaarden,5 ud af 5 bobler,1.309 anmeldelser
3,3,The Olive Kitchen & Bar,5 ud af 5 bobler,2.135 anmeldelser
4,4,Søllerød Kro,5 ud af 5 bobler,337 anmeldelser
5,5,Zahida at Kellerdirk,5 ud af 5 bobler,876 anmeldelser
6,6,The Pescatarian,5 ud af 5 bobler,196 anmeldelser
7,7,Pizzeria Mamemi & Wine Bar,5 ud af 5 bobler,926 anmeldelser
8,8,Geranium,"4,5 ud af 5 bobler",1.053 anmeldelser
9,9,Café Komplet,"4,5 ud af 5 bobler",348 anmeldelser
10,10,Marv & Ben,"4,5 ud af 5 bobler",642 anmeldelser
11,11,Enomania,"4,5 ud af 5 bobler",245 anmeldelser
12,12,Banana Joe,"4,5 ud af 5 bobler",411 anmeldelser
13,13,Kokkeriet,"4,5 ud af 5 bobler",769 anmeldelser
14,14,Husmann's Vinstue,"4,5 ud af 5 bobler",254 anmeldelser
15,15,Mielcke & Hurtigkarl,"4,5 ud af 5 bobler",252 anmeldelser
16,16,Restaurant leaven,"4,5 ud af 5 bobler",309 anmeldelser
17,17,Trattoria SUD,"4,5 ud af 5 bobler",306 anmeldelser
18,18,Basso København,"4,5 ud af 5 bobler",339 anmeldelser
19,19,Restaurant Schonnemann,"4,5 ud af 5 bobler",161 anmeldelser
20,20,BODIL - et spisested,"4,5 ud af 5 bobler",208 anmeldelser
21,21,The Red Box,"4,5 ud af 5 bobler",515 anmeldelser
22,22,Studio - The Standard,"4,5 ud af 5 bobler",452 anmeldelser
23,23,Trattoria l’Alba,"4,5 ud af 5 bobler",175 anmeldelser
24,24,Ché Fè,"4,5 ud af 5 bobler",578 anmeldelser
25,25,Frederiks Have,"4,5 ud af 5 bobler",529 anmeldelser
26,26,Café Patina,"4,5 ud af 5 bobler",96 anmeldelser
27,27,Goomi,"4,5 ud af 5 bobler",271 anmeldelser
28,28,Feed Bistro,"4,5 ud af 5 bobler",548 anmeldelser
29,29,Restaurant Grønnegade,"4,5 ud af 5 bobler",525 anmeldelser
30,30,Restaurant Garden,"4,5 ud af 5 bobler",133 anmeldelser
32,1,Souls,"4,5 ud af 5 bobler",646 anmeldelser
33,2,Restaurant Cofoco,"4,5 ud af 5 bobler",1.066 anmeldelser
34,3,Kong Hans Kaelder,"4,5 ud af 5 bobler",286 anmeldelser
35,4,Bastard Café,"4,5 ud af 5 bobler",241 anmeldelser
36,5,Madglad,"4,5 ud af 5 bobler",169 anmeldelser
37,6,Noma,"4,5 ud af 5 bobler",1.643 anmeldelser
38,7,L'Enoteca di Mr. Brunello Restaurant & Wine Shop,"4,5 ud af 5 bobler",219 anmeldelser
39,8,Vaekst,"4,5 ud af 5 bobler",546 anmeldelser
40,9,Sankt Annae 8,"4,5 ud af 5 bobler",203 anmeldelser
41,10,Restaurant Nepali Bhancha,"4,5 ud af 5 bobler",223 anmeldelser
42,11,Höst,"4,5 ud af 5 bobler",2.021 anmeldelser
43,12,Restaurant Under Uret - Frokost,"4,5 ud af 5 bobler",166 anmeldelser
44,13,Temporada Tapasbodega,"4,5 ud af 5 bobler",282 anmeldelser
45,14,Frenchy,"4,5 ud af 5 bobler",190 anmeldelser
46,15,Chao Viet Kitchen,"4,5 ud af 5 bobler",361 anmeldelser
47,16,Restaurant Radio,"4,5 ud af 5 bobler",846 anmeldelser
48,17,KöD Vesterbro,"4,5 ud af 5 bobler",765 anmeldelser
49,18,Sporvejen,"4,5 ud af 5 bobler",973 anmeldelser
50,19,Restaurant Schoennemann,"4,5 ud af 5 bobler",729 anmeldelser
51,20,Morgenstedet,"4,5 ud af 5 bobler",244 anmeldelser
52,21,Restaurant Amalie,"4,5 ud af 5 bobler",415 anmeldelser
53,22,Restaurant Tight,"4,5 ud af 5 bobler",2.862 anmeldelser
54,23,Hey Darling,5 ud af 5 bobler,85 anmeldelser
55,24,Kadeau,"4,5 ud af 5 bobler",296 anmeldelser
56,25,Mad & Kaffe,"4,5 ud af 5 bobler",527 anmeldelser
57,26,Souls Nørreport,"4,5 ud af 5 bobler",108 anmeldelser
58,27,BENTO Restaurant & Cocktail Bar,"4,5 ud af 5 bobler",287 anmeldelser
59,28,KöD København,"4,5 ud af 5 bobler",1.010 anmeldelser
60,29,Kiin Kiin,"4,5 ud af 5 bobler",800 anmeldelser
61,30,Khun Juk Oriental,"4,5 ud af 5 bobler",809 anmeldelser
62,0,Restaurant Ibu,"4,5 ud af 5 bobler",42 anmeldelser
63,1,Restaurant Ravelinen,"4,5 ud af 5 bobler",353 anmeldelser
64,2,Palæ Bar,"4,5 ud af 5 bobler",135 anmeldelser
65,3,Chez Bruno,"4,5 ud af 5 bobler",392 anmeldelser
66,4,Stempel - Bar & Kitchen,"4,5 ud af 5 bobler",263 anmeldelser
67,5,Aamanns Etablissement,"4,5 ud af 5 bobler",192 anmeldelser
68,6,Era Ora,"4,5 ud af 5 bobler",601 anmeldelser
69,7,Bowl Market Copenhagen,"4,5 ud af 5 bobler",113 anmeldelser
70,8,Aamanns 1921,"4,5 ud af 5 bobler",204 anmeldelser
71,9,Den Lille Fede Restaurant,"4,5 ud af 5 bobler",721 anmeldelser
72,10,RetroGusto,"4,5 ud af 5 bobler",571 anmeldelser
73,11,Restaurant AOC,"4,5 ud af 5 bobler",326 anmeldelser
74,12,Black Swan,"4,5 ud af 5 bobler",117 anmeldelser
75,13,Toto Vin & Spisebar,"4,5 ud af 5 bobler",87 anmeldelser
76,14,Restaurant Palægade,"4,5 ud af 5 bobler",326 anmeldelser
77,15,Cafe Gl. Torv - Huset med det grønne træ,"4,5 ud af 5 bobler",195 anmeldelser
78,16,Asador,"4,5 ud af 5 bobler",439 anmeldelser
79,17,Ravnsborg Kitchen & Bar,"4,5 ud af 5 bobler",336 anmeldelser
80,18,Pony,"4,5 ud af 5 bobler",274 anmeldelser
81,19,Halifax København K,"4,5 ud af 5 bobler",258 anmeldelser
82,20,simpleRAW,"4,5 ud af 5 bobler",230 anmeldelser
83,21,Restaurant Brace,"4,5 ud af 5 bobler",198 anmeldelser
84,22,Formel B,"4,5 ud af 5 bobler",608 anmeldelser
85,23,Restaurant Koefoed,"4,5 ud af 5 bobler",674 anmeldelser
86,24,Ristorante Buono,"4,5 ud af 5 bobler",169 anmeldelser
87,25,Fleisch,"4,5 ud af 5 bobler",431 anmeldelser
88,26,Jurfood,5 ud af 5 bobler,115 anmeldelser
89,27,Sticks'n'Sushi,"4,5 ud af 5 bobler",309 anmeldelser
90,28,Fuego,"4,5 ud af 5 bobler",676 anmeldelser
92,30,Damindra,"4,5 ud af 5 bobler",481 anmeldelser
93,0,Iki Sushi Vesterbro,"3,5 ud af 5 bobler",8 anmeldelser
94,1,Le Pave,"4,5 ud af 5 bobler",264 anmeldelser
95,2,Punk Royale,5 ud af 5 bobler,82 anmeldelser
96,3,Amass,"4,5 ud af 5 bobler",599 anmeldelser
98,5,Aamanns Deli & Take Away,"4,5 ud af 5 bobler",607 anmeldelser
99,6,El Meson,"4,5 ud af 5 bobler",267 anmeldelser
100,7,Slurp Ramen Joint,"4,5 ud af 5 bobler",145 anmeldelser
101,8,Terra Restaurant and Cocktail bar,5 ud af 5 bobler,82 anmeldelser
102,9,Restaurant Karla,"4,5 ud af 5 bobler",944 anmeldelser
103,10,Lolly,5 ud af 5 bobler,72 anmeldelser
104,11,Restaurant Kronborg,"4,5 ud af 5 bobler",478 anmeldelser
105,12,Cafe Lindevang,"4,5 ud af 5 bobler",233 anmeldelser
106,13,Mikkeller Bar,"4,5 ud af 5 bobler",859 anmeldelser
107,14,Restaurant Tio Marios,"4,5 ud af 5 bobler",212 anmeldelser
108,15,Reinwald's,"4,5 ud af 5 bobler",175 anmeldelser
109,16,Sidecar,"4,5 ud af 5 bobler",132 anmeldelser
110,17,Ristorante Da Claudio,"4,5 ud af 5 bobler",259 anmeldelser
111,18,Alchemist,5 ud af 5 bobler,67 anmeldelser
112,19,Villa Vino,"4,5 ud af 5 bobler",160 anmeldelser
113,20,Flottenheimer,"4,5 ud af 5 bobler",378 anmeldelser
114,21,La Vita e Bella,"4,5 ud af 5 bobler",899 anmeldelser
115,22,District Tonkin - Bánh Mí,"4,5 ud af 5 bobler",211 anmeldelser
116,23,Halifax,"4,5 ud af 5 bobler",558 anmeldelser
117,24,Christianshavns Færgecafé,"4,5 ud af 5 bobler",448 anmeldelser
118,25,Restaurant U Formel,"4,5 ud af 5 bobler",504 anmeldelser
119,26,Kompasset,"4,5 ud af 5 bobler",273 anmeldelser
120,27,El Viejo Mexico,"4,5 ud af 5 bobler",827 anmeldelser
121,28,56°,"4,5 ud af 5 bobler",208 anmeldelser
122,29,Told&Snaps,"4,5 ud af 5 bobler",537 anmeldelser
123,30,Restaurant Kanalen,4 ud af 5 bobler,415 anmeldelser
125,1,Hatoba Sushi,"4,5 ud af 5 bobler",134 anmeldelser
126,2,Cafe Petersborg,4 ud af 5 bobler,410 anmeldelser
127,3,Retour Steak,4 ud af 5 bobler,369 anmeldelser
128,4,The Union Kitchen,4 ud af 5 bobler,768 anmeldelser
129,5,Riz Raz,4 ud af 5 bobler,1.097 anmeldelser
130,6,Kayak Bar,"4,5 ud af 5 bobler",157 anmeldelser
131,7,Neighbourhood,4 ud af 5 bobler,700 anmeldelser
132,8,Atlas bar,4 ud af 5 bobler,312 anmeldelser
133,9,Spiseloppen Christiania,"4,5 ud af 5 bobler",237 anmeldelser
134,10,Cafe Wilder,4 ud af 5 bobler,396 anmeldelser
135,11,BrewPub København,4 ud af 5 bobler,569 anmeldelser
136,12,MASH,4 ud af 5 bobler,1.097 anmeldelser
137,13,Restaurant Barr,4 ud af 5 bobler,278 anmeldelser
138,14,Lumskebugten,"4,5 ud af 5 bobler",215 anmeldelser
139,15,Mon Amour,4 ud af 5 bobler,347 anmeldelser
140,16,Skindbuksen,4 ud af 5 bobler,550 anmeldelser
141,17,Restaurant Zeleste,4 ud af 5 bobler,552 anmeldelser
142,18,Sokkelund Cafe & Brasserie,4 ud af 5 bobler,493 anmeldelser
143,19,SSAM Korean Food Bar,"4,5 ud af 5 bobler",162 anmeldelser
144,20,Restaurant HUMMER,4 ud af 5 bobler,312 anmeldelser
145,21,Gitte Kik,4 ud af 5 bobler,278 anmeldelser
146,22,Restaurant no. 2,4 ud af 5 bobler,341 anmeldelser
147,23,Kodbyens Fiskebar,4 ud af 5 bobler,2.417 anmeldelser
148,24,Ristorante La Rocca,4 ud af 5 bobler,620 anmeldelser
149,25,Veve,"4,5 ud af 5 bobler",94 anmeldelser
150,26,Restaurant Vita,4 ud af 5 bobler,495 anmeldelser
151,27,SALT bar & restaurant,4 ud af 5 bobler,1.043 anmeldelser
152,28,Det lille Apotek,4 ud af 5 bobler,933 anmeldelser
153,29,Ida Davidsen,4 ud af 5 bobler,569 anmeldelser
154,30,RizRaz,4 ud af 5 bobler,519 anmeldelser
156,1,Spuntino,4 ud af 5 bobler,272 anmeldelser
157,2,Norrebro Bryghus,4 ud af 5 bobler,539 anmeldelser
158,3,Coq en Pate,"4,5 ud af 5 bobler",53 anmeldelser
159,4,Restaurant l'Alsace,4 ud af 5 bobler,304 anmeldelser
160,5,Vinvaerten Gothersgade,4 ud af 5 bobler,180 anmeldelser
161,6,Døp,"4,5 ud af 5 bobler",93 anmeldelser
162,7,Hviids Vinstue,4 ud af 5 bobler,259 anmeldelser
163,8,Amadeus,4 ud af 5 bobler,306 anmeldelser
164,9,Restaurant CLOU,"4,5 ud af 5 bobler",132 anmeldelser
165,10,Duck and Cover,"4,5 ud af 5 bobler",92 anmeldelser
166,11,Københavner Cafeen,4 ud af 5 bobler,269 anmeldelser
167,12,San Marco Junior,"4,5 ud af 5 bobler",122 anmeldelser
168,13,Retour Steak Vesterbro,4 ud af 5 bobler,269 anmeldelser
169,14,Royal Smushi Cafe,4 ud af 5 bobler,440 anmeldelser
170,15,Sale é Pepe,"4,5 ud af 5 bobler",96 anmeldelser
171,16,Axelborg Bodega,4 ud af 5 bobler,295 anmeldelser
172,17,Madklubben Bistro De Luxe,4 ud af 5 bobler,631 anmeldelser
173,18,FAMO,4 ud af 5 bobler,349 anmeldelser
174,19,Laundromat Cafe,4 ud af 5 bobler,261 anmeldelser
175,20,Restaurant Brdr. Price,4 ud af 5 bobler,441 anmeldelser
176,21,Pintxos,4 ud af 5 bobler,474 anmeldelser
177,22,Madenitaly,"4,5 ud af 5 bobler",75 anmeldelser
178,23,Pluto,4 ud af 5 bobler,807 anmeldelser
179,24,Restaurant BASALT,4 ud af 5 bobler,176 anmeldelser
180,25,Musling Bistro,4 ud af 5 bobler,211 anmeldelser
181,26,Cock's & Cows SP34,4 ud af 5 bobler,241 anmeldelser
182,27,Voulez Vous,"4,5 ud af 5 bobler",96 anmeldelser
183,28,Altopalato,"4,5 ud af 5 bobler",128 anmeldelser
184,29,Heering Restaurant and Bistro,4 ud af 5 bobler,725 anmeldelser
185,30,Cafe Sorgenfri,4 ud af 5 bobler,355 anmeldelser
187,1,Cafe Munk,4 ud af 5 bobler,174 anmeldelser
188,2,Limone Piazza,5 ud af 5 bobler,45 anmeldelser
189,3,Ellas,"4,5 ud af 5 bobler",94 anmeldelser
190,4,Barburrito,4 ud af 5 bobler,255 anmeldelser
191,5,Brus,"4,5 ud af 5 bobler",125 anmeldelser
192,6,Scurry Hub,"4,5 ud af 5 bobler",156 anmeldelser
193,7,Meatpacking District Food,"4,5 ud af 5 bobler",100 anmeldelser
194,8,Café Victor,4 ud af 5 bobler,637 anmeldelser
195,9,Admiralgade 26,"4,5 ud af 5 bobler",79 anmeldelser
196,10,Frk. Barners Kaelder,4 ud af 5 bobler,1.358 anmeldelser
197,11,Restaurationen,"4,5 ud af 5 bobler",148 anmeldelser
198,12,The South Indian Vesterbro,4 ud af 5 bobler,198 anmeldelser
199,13,Ris8,"4,5 ud af 5 bobler",66 anmeldelser
200,14,L'éducation Nationale,4 ud af 5 bobler,287 anmeldelser
201,15,Karma Sushi Nyhavn,4 ud af 5 bobler,253 anmeldelser
202,16,Khmer Cuisine,"4,5 ud af 5 bobler",57 anmeldelser
203,17,Bastards,"4,5 ud af 5 bobler",167 anmeldelser
204,18,Restaurant Uma,4 ud af 5 bobler,130 anmeldelser
205,19,La Fiesta Mexicana,4 ud af 5 bobler,187 anmeldelser
206,20,Pastis,4 ud af 5 bobler,414 anmeldelser
207,21,Madklubben Grill Copenhagen,4 ud af 5 bobler,438 anmeldelser
208,22,Restaurant Rebel,4 ud af 5 bobler,161 anmeldelser
209,23,Carne Famo,"4,5 ud af 5 bobler",216 anmeldelser
210,24,Famosi e Golosi,"4,5 ud af 5 bobler",111 anmeldelser
211,25,Restaurant Sahil,4 ud af 5 bobler,215 anmeldelser
212,26,H table,5 ud af 5 bobler,35 anmeldelser
213,27,Cafe Feel Good,"4,5 ud af 5 bobler",69 anmeldelser
214,28,A.C. Perch's Thehandel,4 ud af 5 bobler,177 anmeldelser
215,29,Søren K,4 ud af 5 bobler,259 anmeldelser
216,30,Ristorante La Buca degli Artisti,"4,5 ud af 5 bobler",145 anmeldelser
218,1,Restaurant Gorilla,4 ud af 5 bobler,765 anmeldelser
219,2,Restaurant Godt,"4,5 ud af 5 bobler",95 anmeldelser
220,3,Restaurant 1733,5 ud af 5 bobler,63 anmeldelser
221,4,Restaurant Alouette,"4,5 ud af 5 bobler",47 anmeldelser
222,5,Restaurant Diamond Rice,4 ud af 5 bobler,315 anmeldelser
223,6,The Fat Pike,"4,5 ud af 5 bobler",52 anmeldelser
224,7,Anarki,"4,5 ud af 5 bobler",96 anmeldelser
225,8,K-bar,"4,5 ud af 5 bobler",74 anmeldelser
226,9,Restaurant Fridas,4 ud af 5 bobler,309 anmeldelser
227,10,Dalle Valle,4 ud af 5 bobler,925 anmeldelser
228,11,Tapa del Toro,"4,5 ud af 5 bobler",114 anmeldelser
229,12,Huks Fluks,4 ud af 5 bobler,385 anmeldelser
230,13,Ma'ed,"4,5 ud af 5 bobler",110 anmeldelser
231,14,Restaurant Jacobsen,4 ud af 5 bobler,258 anmeldelser
232,15,Restauarant Dada,"4,5 ud af 5 bobler",97 anmeldelser
233,16,Peder Oxe,4 ud af 5 bobler,1.225 anmeldelser
234,17,Les Trois Cochons,4 ud af 5 bobler,449 anmeldelser
236,19,Restaurant SULT,4 ud af 5 bobler,244 anmeldelser
237,20,Cock's & Cows Gl. Strand,4 ud af 5 bobler,917 anmeldelser
238,21,Oscar Bar Cafe,4 ud af 5 bobler,239 anmeldelser
239,22,Baan Thai Isarn,4 ud af 5 bobler,148 anmeldelser
240,23,Café Gavlen,"4,5 ud af 5 bobler",72 anmeldelser
241,24,B'india,"4,5 ud af 5 bobler",171 anmeldelser
242,25,Baest,4 ud af 5 bobler,747 anmeldelser
243,26,Floras Cafe & Steakhouse,4 ud af 5 bobler,496 anmeldelser
244,27,Ristorante L’Appetito,4 ud af 5 bobler,301 anmeldelser
245,28,Al-Diwan,4 ud af 5 bobler,174 anmeldelser
246,29,Nimb Brasserie,4 ud af 5 bobler,864 anmeldelser
247,30,Poonchai Thai Restaurant,4 ud af 5 bobler,403 anmeldelser
249,1,NyhavnsKroen,4 ud af 5 bobler,293 anmeldelser
250,2,Midori - Izakaya and Greenery,"4,5 ud af 5 bobler",78 anmeldelser
251,3,Broens Gadekøkken,"4,5 ud af 5 bobler",72 anmeldelser
252,4,Cafe Fremtiden,4 ud af 5 bobler,105 anmeldelser
253,5,Bistro Royal,4 ud af 5 bobler,562 anmeldelser
254,6,FEDTEGREVEN BistroBodega,"4,5 ud af 5 bobler",70 anmeldelser
255,7,Sushi Lovers Torvehallerne,"4,5 ud af 5 bobler",122 anmeldelser
256,8,Tivoli Hotel,4 ud af 5 bobler,239 anmeldelser
257,9,Tony's,4 ud af 5 bobler,439 anmeldelser
259,11,Cap Horn,4 ud af 5 bobler,1.486 anmeldelser
260,12,Wining & Dining,"4,5 ud af 5 bobler",128 anmeldelser
261,13,Trattoria FIAT,4 ud af 5 bobler,1.018 anmeldelser
262,14,Ristorante Fabio,4 ud af 5 bobler,295 anmeldelser
263,15,Sachi Sushi,4 ud af 5 bobler,139 anmeldelser
264,16,JaDa! Cafe,5 ud af 5 bobler,27 anmeldelser
265,17,Lazio,"4,5 ud af 5 bobler",116 anmeldelser
266,18,Nærvær,"4,5 ud af 5 bobler",72 anmeldelser
267,19,GURU,4 ud af 5 bobler,810 anmeldelser
268,20,Restaurant Bar´bette,4 ud af 5 bobler,105 anmeldelser
269,21,Italo Disco,"4,5 ud af 5 bobler",62 anmeldelser
270,22,Restaurant Kareten,"4,5 ud af 5 bobler",104 anmeldelser
271,23,Ban Gaw,4 ud af 5 bobler,198 anmeldelser
272,24,Hachi Sushi,5 ud af 5 bobler,45 anmeldelser
273,25,Beyzade,"4,5 ud af 5 bobler",59 anmeldelser
274,26,Bankeråt,4 ud af 5 bobler,123 anmeldelser
275,27,Orangeriet,4 ud af 5 bobler,333 anmeldelser
276,28,La Galette,4 ud af 5 bobler,206 anmeldelser
277,29,Hidden Dimsum,"4,5 ud af 5 bobler",99 anmeldelser
278,30,The South Indian Frederisberg,4 ud af 5 bobler,115 anmeldelser
280,1,Co-ma Bistro,4 ud af 5 bobler,121 anmeldelser
281,2,Thirion - Charcuterie & Vins,5 ud af 5 bobler,43 anmeldelser
282,3,Rasoi,4 ud af 5 bobler,191 anmeldelser
283,4,Deligreco,4 ud af 5 bobler,170 anmeldelser
284,5,Rambla,4 ud af 5 bobler,235 anmeldelser
285,6,Barril,"4,5 ud af 5 bobler",73 anmeldelser
286,7,Nyhavns Faergekro,4 ud af 5 bobler,1.019 anmeldelser
287,8,Krøgers Familiehave,4 ud af 5 bobler,173 anmeldelser
288,9,La Bonne,"4,5 ud af 5 bobler",36 anmeldelser
289,10,Restaurant D'Angleterre,"4,5 ud af 5 bobler",122 anmeldelser
290,11,Granola,4 ud af 5 bobler,491 anmeldelser
291,12,Behov,"4,5 ud af 5 bobler",80 anmeldelser
292,13,Hereford Steak,4 ud af 5 bobler,225 anmeldelser
294,15,Il Ponte Restaurant,4 ud af 5 bobler,187 anmeldelser
295,16,Cantina,4 ud af 5 bobler,239 anmeldelser
296,17,Vespa,4 ud af 5 bobler,182 anmeldelser
297,18,Fru Nimb,4 ud af 5 bobler,226 anmeldelser
298,19,Nimb Bar’N' Grill,4 ud af 5 bobler,151 anmeldelser
299,20,Antons Køkken,4 ud af 5 bobler,173 anmeldelser
300,21,Restaurant Dubrovnik,4 ud af 5 bobler,96 anmeldelser
301,22,Cube Bar,"4,5 ud af 5 bobler",54 anmeldelser
302,23,WOK Vesterbro,"4,5 ud af 5 bobler",110 anmeldelser
303,24,Restaurant Viva,4 ud af 5 bobler,114 anmeldelser
304,25,MASH Penthouse,4 ud af 5 bobler,355 anmeldelser
305,26,Restaurant LêLê,"3,5 ud af 5 bobler",494 anmeldelser
306,27,Perbacco,5 ud af 5 bobler,63 anmeldelser
307,28,Falernum,4 ud af 5 bobler,121 anmeldelser
308,29,Restaurant Sankt Annae,4 ud af 5 bobler,239 anmeldelser
309,30,Kopan Rice,"4,5 ud af 5 bobler",37 anmeldelser
311,1,Haché Gourmet Burgers,4 ud af 5 bobler,210 anmeldelser
312,2,Mums Deli,5 ud af 5 bobler,28 anmeldelser
313,3,Dag H,4 ud af 5 bobler,256 anmeldelser
314,4,Hot Pot Republic,"4,5 ud af 5 bobler",85 anmeldelser
315,5,Le Petit i Torvehallerne,"4,5 ud af 5 bobler",54 anmeldelser
316,6,Restaurant Trio,4 ud af 5 bobler,130 anmeldelser
317,7,20 a,4 ud af 5 bobler,85 anmeldelser
318,8,Gemyse,4 ud af 5 bobler,117 anmeldelser
319,9,Voraz Bar & Café,"4,5 ud af 5 bobler",88 anmeldelser
320,10,Blue Bike Café,"4,5 ud af 5 bobler",50 anmeldelser
321,11,Restaurant Taller,"4,5 ud af 5 bobler",62 anmeldelser
322,12,Nytorv Restaurant and Cafe,"3,5 ud af 5 bobler",446 anmeldelser
323,13,Brooklyn Bar København,4 ud af 5 bobler,223 anmeldelser
324,14,Dina Bar Kafe,5 ud af 5 bobler,25 anmeldelser
325,15,Ravnsborg Vinbar,4 ud af 5 bobler,73 anmeldelser
326,16,Nobu,4 ud af 5 bobler,153 anmeldelser
327,17,PUBLIC - The Italian Social Dining Bar,"4,5 ud af 5 bobler",53 anmeldelser
328,18,Ristorante Cafe Leo,"4,5 ud af 5 bobler",104 anmeldelser
329,19,Duck It,"4,5 ud af 5 bobler",52 anmeldelser
330,20,BOB Biomio Organic Bistro,"3,5 ud af 5 bobler",664 anmeldelser
331,21,Gronsagen,"4,5 ud af 5 bobler",40 anmeldelser
332,22,Restaurant M,4 ud af 5 bobler,145 anmeldelser
333,23,Cafe Royal,"4,5 ud af 5 bobler",57 anmeldelser
334,24,The Old English Pub,4 ud af 5 bobler,173 anmeldelser
335,25,Cafe Langebro,"4,5 ud af 5 bobler",67 anmeldelser
337,27,Restaurant Galionen,"3,5 ud af 5 bobler",312 anmeldelser
338,28,Cafe G,"3,5 ud af 5 bobler",309 anmeldelser
339,29,Halifax Vesterbrogade,4 ud af 5 bobler,75 anmeldelser
340,30,Cafe Kitchenette,4 ud af 5 bobler,149 anmeldelser
343,2,Grillen Christianshavn,4 ud af 5 bobler,99 anmeldelser
344,3,The Italian,"3,5 ud af 5 bobler",461 anmeldelser
345,4,Pizza Time,"4,5 ud af 5 bobler",67 anmeldelser
346,5,Noho,"4,5 ud af 5 bobler",40 anmeldelser
347,6,FAMO Metro,4 ud af 5 bobler,122 anmeldelser
348,7,Hanzo,4 ud af 5 bobler,118 anmeldelser
349,8,Tapas Huset,"3,5 ud af 5 bobler",375 anmeldelser
350,9,Balthazar Champagne Bar,"4,5 ud af 5 bobler",112 anmeldelser
351,10,Teaterkaelderen,4 ud af 5 bobler,90 anmeldelser
352,11,Hooked,"4,5 ud af 5 bobler",34 anmeldelser
353,12,Astor Deep Pan Pizza,"3,5 ud af 5 bobler",423 anmeldelser
354,13,Boston Grill Mayfair,4 ud af 5 bobler,88 anmeldelser
355,14,Pizzicato,5 ud af 5 bobler,43 anmeldelser
356,15,Gorm's Nyhavn,"3,5 ud af 5 bobler",308 anmeldelser
357,16,Krystal Sandwich,5 ud af 5 bobler,28 anmeldelser
358,17,Ankara,"3,5 ud af 5 bobler",312 anmeldelser
359,18,Harrys Place,"4,5 ud af 5 bobler",44 anmeldelser
360,19,Pizza Huset,"4,5 ud af 5 bobler",43 anmeldelser
361,20,lalala,4 ud af 5 bobler,115 anmeldelser
362,21,Isoteket,5 ud af 5 bobler,25 anmeldelser
363,22,Samos,"3,5 ud af 5 bobler",312 anmeldelser
364,23,Da Aldo Pizzeria,"4,5 ud af 5 bobler",31 anmeldelser
365,24,Alabama Social,4 ud af 5 bobler,188 anmeldelser
366,25,Selfish Take Away,"4,5 ud af 5 bobler",71 anmeldelser
367,26,Carlton,"3,5 ud af 5 bobler",315 anmeldelser
368,27,Restaurant Mes,4 ud af 5 bobler,117 anmeldelser
369,28,The Dubliner,"3,5 ud af 5 bobler",398 anmeldelser
370,29,Chicky Grill-Bar,4 ud af 5 bobler,70 anmeldelser
371,30,Restaurant Frascati,"3,5 ud af 5 bobler",698 anmeldelser
373,1,Manfreds,"3,5 ud af 5 bobler",735 anmeldelser
374,2,Hope Organic,"4,5 ud af 5 bobler",28 anmeldelser
375,3,Ristorante Ponte Vecchio,4 ud af 5 bobler,138 anmeldelser
376,4,Ølbaren,"4,5 ud af 5 bobler",43 anmeldelser
377,5,Bøf & Ost,"3,5 ud af 5 bobler",288 anmeldelser
378,6,Restaurant Nyhavn C,"3,5 ud af 5 bobler",231 anmeldelser
379,7,Restaurant Frksbrg,4 ud af 5 bobler,97 anmeldelser
380,8,Christianhavns Bådudlejning og Café,4 ud af 5 bobler,91 anmeldelser
381,9,Satang Thai Bistro,5 ud af 5 bobler,23 anmeldelser
382,10,Bar'Vin,"4,5 ud af 5 bobler",90 anmeldelser
383,11,London Pub,4 ud af 5 bobler,99 anmeldelser
384,12,Formatcph,"4,5 ud af 5 bobler",35 anmeldelser
385,13,The Royal Cafe,4 ud af 5 bobler,217 anmeldelser
386,14,Ingolfs Kaffebar,4 ud af 5 bobler,79 anmeldelser
387,15,Tivoli Hallen,4 ud af 5 bobler,67 anmeldelser
388,16,Munchies Copenhagen,4 ud af 5 bobler,67 anmeldelser
389,17,Taverna Kreta,"4,5 ud af 5 bobler",52 anmeldelser
390,18,Library Bar,4 ud af 5 bobler,97 anmeldelser
391,19,Comedy ZOO Club & Cafe,4 ud af 5 bobler,86 anmeldelser
392,20,Rufino Osteria,"4,5 ud af 5 bobler",88 anmeldelser
393,21,The Globe Irish Pub,4 ud af 5 bobler,111 anmeldelser
394,22,Thai Asien,4 ud af 5 bobler,81 anmeldelser
395,23,Vandkunsten sandwich og salat,"4,5 ud af 5 bobler",44 anmeldelser
396,24,The Bird & The Churchkey,4 ud af 5 bobler,90 anmeldelser
397,25,Pasta La Pasta,5 ud af 5 bobler,23 anmeldelser
398,26,McJoy's Choice,"3,5 ud af 5 bobler",303 anmeldelser
399,27,Mercante,4 ud af 5 bobler,82 anmeldelser
400,28,Fars Dreng,4 ud af 5 bobler,189 anmeldelser
401,29,Banh Mi,5 ud af 5 bobler,34 anmeldelser
402,30,Fiskekutteren HM800 Jammerbugt - Thorupstrand Fisk,"4,5 ud af 5 bobler",27 anmeldelser
404,1,Mother Wine,"4,5 ud af 5 bobler",28 anmeldelser
405,2,Bibendum,4 ud af 5 bobler,120 anmeldelser
406,3,Cafe Klods Hans,"4,5 ud af 5 bobler",57 anmeldelser
407,4,Victoria Pub,4 ud af 5 bobler,60 anmeldelser
409,6,Ma Poule,"4,5 ud af 5 bobler",59 anmeldelser
410,7,The Vietnamese,"4,5 ud af 5 bobler",66 anmeldelser
411,8,Tjili Pop,"4,5 ud af 5 bobler",51 anmeldelser
412,9,Green Island of Copenhagen,5 ud af 5 bobler,24 anmeldelser
413,10,1105 Cocktail Bar,"4,5 ud af 5 bobler",73 anmeldelser
414,11,Bang & Jensen,4 ud af 5 bobler,129 anmeldelser
416,13,Højbro Sandwich and Cafe,4 ud af 5 bobler,127 anmeldelser
417,14,Aristo,4 ud af 5 bobler,189 anmeldelser
418,15,Ewalds,"4,5 ud af 5 bobler",34 anmeldelser
419,16,Skipperkroen,"3,5 ud af 5 bobler",716 anmeldelser
420,17,Restaurant Meille,4 ud af 5 bobler,92 anmeldelser
421,18,Midtown Grill,"3,5 ud af 5 bobler",214 anmeldelser
422,19,Cafe Dyrehaven,4 ud af 5 bobler,132 anmeldelser
423,20,Cafe Europa 1989,"3,5 ud af 5 bobler",572 anmeldelser
424,21,Blaabjerg & Madsen - Frederiksberg,"4,5 ud af 5 bobler",39 anmeldelser
425,22,Ambassaden & Konsulatet,5 ud af 5 bobler,37 anmeldelser
426,23,Restaurant Salon,"4,5 ud af 5 bobler",29 anmeldelser
427,24,Det simrer,"4,5 ud af 5 bobler",43 anmeldelser
428,25,GONZO Café og Spisested,"4,5 ud af 5 bobler",35 anmeldelser
429,26,pizzeria Venezia Nyhavn 31,"3,5 ud af 5 bobler",334 anmeldelser
430,27,Rossopomodoro Illum,"3,5 ud af 5 bobler",293 anmeldelser
431,28,GROS,5 ud af 5 bobler,23 anmeldelser
432,29,Bjælkehuset,4 ud af 5 bobler,83 anmeldelser
433,30,Charlie Bistro,"4,5 ud af 5 bobler",41 anmeldelser
435,1,Zirup,"3,5 ud af 5 bobler",287 anmeldelser
436,2,Madhus24,4 ud af 5 bobler,54 anmeldelser
438,4,Vesterbro Brewery (Burgers and Brewhouse),"3,5 ud af 5 bobler",107 anmeldelser
439,5,Forno a Legna,4 ud af 5 bobler,190 anmeldelser
441,7,Mega Bar,"4,5 ud af 5 bobler",46 anmeldelser
442,8,Comfort Hotel Vesterbro,"3,5 ud af 5 bobler",143 anmeldelser
443,9,Honen & Aegget,"4,5 ud af 5 bobler",26 anmeldelser
444,10,The Nomad & The Bean,5 ud af 5 bobler,20 anmeldelser
445,11,Mother,"3,5 ud af 5 bobler",1.919 anmeldelser
446,12,Kung Fu 2 Izakaya,4 ud af 5 bobler,103 anmeldelser
447,13,K96,5 ud af 5 bobler,30 anmeldelser
448,14,O Tempo,"4,5 ud af 5 bobler",47 anmeldelser
449,15,Spisehuset,"4,5 ud af 5 bobler",38 anmeldelser
450,16,Urten,"4,5 ud af 5 bobler",66 anmeldelser
451,17,Hafnia Bar,"4,5 ud af 5 bobler",49 anmeldelser
452,18,Roxie,4 ud af 5 bobler,46 anmeldelser
453,19,Blue Elephant Restaurant,"3,5 ud af 5 bobler",202 anmeldelser
454,20,Ramen To Biiru,4 ud af 5 bobler,49 anmeldelser
455,21,Nyhavn Pizzeria,4 ud af 5 bobler,95 anmeldelser
456,22,Il Buco,4 ud af 5 bobler,92 anmeldelser
457,23,Itzi Pitzi Pizza,4 ud af 5 bobler,79 anmeldelser
458,24,Cafe Baryl,"4,5 ud af 5 bobler",30 anmeldelser
459,25,Restaurant 108,"3,5 ud af 5 bobler",630 anmeldelser
460,26,Akropolis,4 ud af 5 bobler,38 anmeldelser
461,27,WOK Christianshavn,"4,5 ud af 5 bobler",101 anmeldelser
462,28,Kates Joint,4 ud af 5 bobler,78 anmeldelser
463,29,The Packhouse,"4,5 ud af 5 bobler",26 anmeldelser
464,30,DAIZY'S,4 ud af 5 bobler,67 anmeldelser
466,1,L'Altro,"3,5 ud af 5 bobler",248 anmeldelser
467,2,Wagamama,"3,5 ud af 5 bobler",813 anmeldelser
468,3,Spaghetteria,4 ud af 5 bobler,64 anmeldelser
469,4,"Restaurant Paafuglen,Tivoli","3,5 ud af 5 bobler",397 anmeldelser
470,5,Jacobsen Brewhouse & Bar,4 ud af 5 bobler,45 anmeldelser
471,6,Seoul,4 ud af 5 bobler,51 anmeldelser
472,7,Tandoori Masala,"3,5 ud af 5 bobler",145 anmeldelser
473,8,Vita Boost Torvehallerne,"4,5 ud af 5 bobler",30 anmeldelser
474,9,Restaurant MANGAL,4 ud af 5 bobler,69 anmeldelser
475,10,CaféLoppen,"4,5 ud af 5 bobler",39 anmeldelser
476,11,Suphan Thai Takeaway,"4,5 ud af 5 bobler",41 anmeldelser
477,12,Café Nemoland,4 ud af 5 bobler,88 anmeldelser
478,13,Sea by Kiin Kiin,"3,5 ud af 5 bobler",185 anmeldelser
479,14,Ristorante Vesuvio of Copenhagen,"3,5 ud af 5 bobler",510 anmeldelser
480,15,Parma & Pasta,5 ud af 5 bobler,21 anmeldelser
481,16,Restaurant Menu'en,"4,5 ud af 5 bobler",30 anmeldelser
482,17,Gambero Rosso,4 ud af 5 bobler,80 anmeldelser
483,18,the laundromat cafe,"3,5 ud af 5 bobler",146 anmeldelser
484,19,Neighbourhood Frederiksborggade,4 ud af 5 bobler,66 anmeldelser
485,20,Chill-ee,5 ud af 5 bobler,18 anmeldelser
486,21,Fredco's Deli,"4,5 ud af 5 bobler",47 anmeldelser
487,22,Bevar's,4 ud af 5 bobler,45 anmeldelser
488,23,A Hereford Beefstouw Tivoli,"3,5 ud af 5 bobler",1.218 anmeldelser
489,24,NOSE2TAIL – Meatpacker,4 ud af 5 bobler,79 anmeldelser
490,25,Papa Ramen,4 ud af 5 bobler,91 anmeldelser
491,26,Bar Uno,"4,5 ud af 5 bobler",28 anmeldelser
492,27,Fabro,"4,5 ud af 5 bobler",23 anmeldelser
493,28,Cafe Pelikan,4 ud af 5 bobler,49 anmeldelser
494,29,Restaurant Turesen,4 ud af 5 bobler,49 anmeldelser
495,30,Ved Kajen,"3,5 ud af 5 bobler",351 anmeldelser
498,2,Sole D'Italia,4 ud af 5 bobler,315 anmeldelser
499,3,4Greeks Food,5 ud af 5 bobler,19 anmeldelser
500,4,Sushi Norregade,4 ud af 5 bobler,118 anmeldelser
501,5,Sushi-Tsukiji,5 ud af 5 bobler,19 anmeldelser
502,6,Ristorante ITALIANO Pompei,"3,5 ud af 5 bobler",226 anmeldelser
503,7,Bistro Les Halles,4 ud af 5 bobler,41 anmeldelser
504,8,Pho Saigon,4 ud af 5 bobler,66 anmeldelser
505,9,Savana Cafe og Restaurant,"4,5 ud af 5 bobler",51 anmeldelser
506,10,Kennedy's Irish Bar,"4,5 ud af 5 bobler",32 anmeldelser
507,11,Hvide Lam,4 ud af 5 bobler,69 anmeldelser
508,12,SUKAIBA Copenhagen,4 ud af 5 bobler,98 anmeldelser
509,13,Wrap House,"4,5 ud af 5 bobler",19 anmeldelser
510,14,Sans Souci Restaurant & Vinstue,4 ud af 5 bobler,111 anmeldelser
511,15,Mesón España,4 ud af 5 bobler,118 anmeldelser
512,16,Reinh. van Hauen Store Kongensgade,"4,5 ud af 5 bobler",29 anmeldelser
513,17,The Dubliner Downtown,4 ud af 5 bobler,95 anmeldelser
514,18,Ferment,"4,5 ud af 5 bobler",69 anmeldelser
515,19,Restaurant NOI,4 ud af 5 bobler,56 anmeldelser
516,20,Olsnedkeren,"4,5 ud af 5 bobler",30 anmeldelser
517,21,Café Grabow,"4,5 ud af 5 bobler",26 anmeldelser
518,22,Vinbodegaen Nørrebro,"4,5 ud af 5 bobler",39 anmeldelser
519,23,Veggie Heroes,"4,5 ud af 5 bobler",43 anmeldelser
520,24,Boathouse,4 ud af 5 bobler,83 anmeldelser
521,25,R Vinbar,4 ud af 5 bobler,60 anmeldelser
522,26,Den Lille Gule,"4,5 ud af 5 bobler",29 anmeldelser
523,27,Sukiyaki,4 ud af 5 bobler,98 anmeldelser
524,28,City Pub,4 ud af 5 bobler,40 anmeldelser
526,30,Filini Restaurant,4 ud af 5 bobler,126 anmeldelser
528,1,Konya Kebab,4 ud af 5 bobler,52 anmeldelser
529,2,Orsted Olbar,"4,5 ud af 5 bobler",26 anmeldelser
530,3,Eiffel Bar,"4,5 ud af 5 bobler",28 anmeldelser
531,4,Café Dalle Valle,"3,5 ud af 5 bobler",125 anmeldelser
532,5,Kanagawa Sushi,"4,5 ud af 5 bobler",33 anmeldelser
533,6,La Fabrica,4 ud af 5 bobler,49 anmeldelser
534,7,Iboo's Pizza & Pakistansk Takeaway,"4,5 ud af 5 bobler",44 anmeldelser
535,8,Hos Otto,"4,5 ud af 5 bobler",25 anmeldelser
536,9,Jah Izakaya & Sake Bar,4 ud af 5 bobler,72 anmeldelser
537,10,Cafe Oven Vande,"3,5 ud af 5 bobler",235 anmeldelser
538,11,The Harbour,4 ud af 5 bobler,117 anmeldelser
539,12,The Ricemarket,"3,5 ud af 5 bobler",261 anmeldelser
540,13,Faergekroen Bryghus,"3,5 ud af 5 bobler",483 anmeldelser
541,14,Retaurant Miga,4 ud af 5 bobler,54 anmeldelser
542,15,Café Espersen,"3,5 ud af 5 bobler",166 anmeldelser
543,16,Croissant'en,"4,5 ud af 5 bobler",31 anmeldelser
544,17,Bone's Restaurant (Amagerbrogade),4 ud af 5 bobler,81 anmeldelser
545,18,La Vecchia Gastronomia Italiana,"3,5 ud af 5 bobler",193 anmeldelser
546,19,Madklubben Frederiksberg,4 ud af 5 bobler,67 anmeldelser
547,20,Restaurant Pilekroen,4 ud af 5 bobler,80 anmeldelser
548,21,Cafe Salonen,"4,5 ud af 5 bobler",24 anmeldelser
549,22,Rialto grill,4 ud af 5 bobler,40 anmeldelser
550,23,Taormina,4 ud af 5 bobler,46 anmeldelser
551,24,Restaurant Omar,"4,5 ud af 5 bobler",33 anmeldelser
552,25,Trattoria 54,"4,5 ud af 5 bobler",27 anmeldelser
553,26,Trattoria Campo De Fiori,4 ud af 5 bobler,48 anmeldelser
554,27,Kiin Kiin Bao Bao,"3,5 ud af 5 bobler",133 anmeldelser
555,28,Grillen Burgerbar,4 ud af 5 bobler,46 anmeldelser
556,29,Bar 25,"4,5 ud af 5 bobler",40 anmeldelser
557,30,Thai Corner,4 ud af 5 bobler,39 anmeldelser
559,1,Deep,4 ud af 5 bobler,117 anmeldelser
560,2,Apollo Bar,4 ud af 5 bobler,37 anmeldelser
561,3,Plant Power Food,"4,5 ud af 5 bobler",31 anmeldelser
562,4,Kewei's Kitchen,5 ud af 5 bobler,28 anmeldelser
563,5,Sachi Sushi - Borgergade,4 ud af 5 bobler,36 anmeldelser
564,6,Pico Pizza,5 ud af 5 bobler,14 anmeldelser
565,7,Green Mango,4 ud af 5 bobler,46 anmeldelser
566,8,Royal Garden,4 ud af 5 bobler,137 anmeldelser
567,9,Otto,4 ud af 5 bobler,63 anmeldelser
568,10,Beau Marche,4 ud af 5 bobler,31 anmeldelser
569,11,Gao Dumpling Bar,4 ud af 5 bobler,39 anmeldelser
570,12,Provins,4 ud af 5 bobler,50 anmeldelser
571,13,TGI Fridays,"3,5 ud af 5 bobler",479 anmeldelser
572,14,Fætter Fætter,"4,5 ud af 5 bobler",41 anmeldelser
573,15,Restaurant Kaptajn,4 ud af 5 bobler,30 anmeldelser
574,16,Nyhavn 14,4 ud af 5 bobler,89 anmeldelser
575,17,Cafe 22,"3,5 ud af 5 bobler",171 anmeldelser
576,18,Gourmandiet,"4,5 ud af 5 bobler",43 anmeldelser
577,19,Wedofood,4 ud af 5 bobler,51 anmeldelser
578,20,Ahaaa Det Arabiske Madhus,4 ud af 5 bobler,47 anmeldelser
579,21,Restaurant Sundby Sejlforening,"3,5 ud af 5 bobler",113 anmeldelser
580,22,Restaurant Klubben,"3,5 ud af 5 bobler",231 anmeldelser
581,23,A Hereford Beefstouw København,"3,5 ud af 5 bobler",124 anmeldelser
582,24,Xilonen - House of Corn,5 ud af 5 bobler,13 anmeldelser
583,25,Kihoskh,"4,5 ud af 5 bobler",25 anmeldelser
584,26,The Fish Project,5 ud af 5 bobler,14 anmeldelser
585,27,Bakaliko Greek-Deli,4 ud af 5 bobler,78 anmeldelser
586,28,Grillen Amagerbro,4 ud af 5 bobler,75 anmeldelser
587,29,Little Italy Pizza,"4,5 ud af 5 bobler",24 anmeldelser
588,30,Ristorante San Giorgio,4 ud af 5 bobler,106 anmeldelser
590,1,Peter Beier Chokolade,"4,5 ud af 5 bobler",19 anmeldelser
591,2,Rabes Have,4 ud af 5 bobler,52 anmeldelser
592,3,El Tapeo,"3,5 ud af 5 bobler",135 anmeldelser
593,4,Wokshop Cantina Take Away,"3,5 ud af 5 bobler",168 anmeldelser
594,5,Quattro Fontane Italiensk Restaurant,4 ud af 5 bobler,99 anmeldelser
595,6,Godtfolk,"4,5 ud af 5 bobler",21 anmeldelser
596,7,Madsalen,4 ud af 5 bobler,69 anmeldelser
598,9,Charlottehaven,4 ud af 5 bobler,60 anmeldelser
599,10,Mado Copenhagen,4 ud af 5 bobler,109 anmeldelser
600,11,Rumbles Sydhavn,"4,5 ud af 5 bobler",35 anmeldelser
601,12,O'learys Mayfair,4 ud af 5 bobler,40 anmeldelser
602,13,Smag,"4,5 ud af 5 bobler",51 anmeldelser
603,14,Cafe Wanna'B,"3,5 ud af 5 bobler",123 anmeldelser
604,15,cafe viggo,"3,5 ud af 5 bobler",109 anmeldelser
605,16,Lillians Smorresbord,"4,5 ud af 5 bobler",18 anmeldelser
606,17,Pizzaria Cavallino,"4,5 ud af 5 bobler",27 anmeldelser
607,18,Tribeca NV,"3,5 ud af 5 bobler",141 anmeldelser
608,19,Cock's & Cows Østerbro,4 ud af 5 bobler,64 anmeldelser
609,20,Grand Vue,"3,5 ud af 5 bobler",148 anmeldelser
610,21,Casa d'Antino,4 ud af 5 bobler,99 anmeldelser
611,22,Currybox,5 ud af 5 bobler,12 anmeldelser
612,23,Tivoli Biergarten,"3,5 ud af 5 bobler",101 anmeldelser
613,24,Café og Restaurant Ofelia,"3,5 ud af 5 bobler",202 anmeldelser
614,25,Social Corner Board Game Cafe,5 ud af 5 bobler,12 anmeldelser
615,26,Frederik VI,4 ud af 5 bobler,42 anmeldelser
616,27,PMY,4 ud af 5 bobler,66 anmeldelser
617,28,Blaabjerg & Madsen - Vesterbro,5 ud af 5 bobler,15 anmeldelser
618,29,Magasasa street kitchen,"3,5 ud af 5 bobler",228 anmeldelser
619,30,Den Vandrette,4 ud af 5 bobler,51 anmeldelser
621,1,Restaurant Flakfortet,4 ud af 5 bobler,33 anmeldelser
622,2,Restaurant Rimini,4 ud af 5 bobler,82 anmeldelser
624,4,Halifax Amager,4 ud af 5 bobler,42 anmeldelser
625,5,Burks køkken & bar,5 ud af 5 bobler,14 anmeldelser
626,6,Isted Grill,"4,5 ud af 5 bobler",19 anmeldelser
627,7,LETZ SUSHI CHRISTIANSHAVN,4 ud af 5 bobler,75 anmeldelser
629,9,Restaurant Tokyo,4 ud af 5 bobler,86 anmeldelser
630,10,Vaertshuset Pinden,"4,5 ud af 5 bobler",29 anmeldelser
631,11,Boutique Fisk,4 ud af 5 bobler,26 anmeldelser
632,12,The Modern,4 ud af 5 bobler,46 anmeldelser
633,13,Huset med det Gronne Trae,"4,5 ud af 5 bobler",30 anmeldelser
634,14,Lomos Food Shop,"4,5 ud af 5 bobler",48 anmeldelser
635,15,Be Steak,4 ud af 5 bobler,33 anmeldelser
636,16,Ayuttaya,4 ud af 5 bobler,34 anmeldelser
637,17,Sing Tehus,"4,5 ud af 5 bobler",24 anmeldelser
638,18,Leifs Pizzeria,4 ud af 5 bobler,35 anmeldelser
639,19,Mikropolis,"4,5 ud af 5 bobler",25 anmeldelser
640,20,Bar Rye,"4,5 ud af 5 bobler",15 anmeldelser
641,21,Hos Fischer,4 ud af 5 bobler,140 anmeldelser
642,22,Dia'legd Olbar,"4,5 ud af 5 bobler",19 anmeldelser
643,23,Peter Beier Chokolade A/S,"4,5 ud af 5 bobler",24 anmeldelser
644,24,Cafe Taxa,"3,5 ud af 5 bobler",97 anmeldelser
645,25,Oki Sushi,4 ud af 5 bobler,38 anmeldelser
646,26,Bo-Bi Bar,"4,5 ud af 5 bobler",22 anmeldelser
648,28,Restaurant Vandvid,4 ud af 5 bobler,67 anmeldelser
649,29,Restaurant Kul,"3,5 ud af 5 bobler",133 anmeldelser
650,30,Wanthanas Thai Kichen,"4,5 ud af 5 bobler",17 anmeldelser
653,2,Cafe Stella,"3,5 ud af 5 bobler",348 anmeldelser
654,3,Cafe Fata'Morgana,4 ud af 5 bobler,83 anmeldelser
655,4,Otto's,4 ud af 5 bobler,57 anmeldelser
656,5,Okko,4 ud af 5 bobler,67 anmeldelser
657,6,Boltens Food Court,"4,5 ud af 5 bobler",13 anmeldelser
658,7,Restaurant Els,"3,5 ud af 5 bobler",299 anmeldelser
659,8,Restaurant BARK,"3,5 ud af 5 bobler",87 anmeldelser
660,9,Kasai sushi,4 ud af 5 bobler,37 anmeldelser
661,10,MD Thai,"4,5 ud af 5 bobler",32 anmeldelser
662,11,Moose Bar,4 ud af 5 bobler,44 anmeldelser
663,12,Cava Bar,4 ud af 5 bobler,42 anmeldelser
664,13,Sushi2500,"4,5 ud af 5 bobler",49 anmeldelser
665,14,20 Grams -Specialty Coffee Shop,5 ud af 5 bobler,11 anmeldelser
666,15,The Grill,4 ud af 5 bobler,56 anmeldelser
667,16,Gorda Empanadas,5 ud af 5 bobler,11 anmeldelser
668,17,Berlin Bar,4 ud af 5 bobler,36 anmeldelser
669,18,La Baracca,"4,5 ud af 5 bobler",22 anmeldelser
670,19,La Banchina,4 ud af 5 bobler,46 anmeldelser
671,20,Sofie Kaelderen,"4,5 ud af 5 bobler",18 anmeldelser
673,22,Streckers,"3,5 ud af 5 bobler",113 anmeldelser
674,23,Cicchetti,4 ud af 5 bobler,37 anmeldelser
675,24,Plaza Grill,4 ud af 5 bobler,101 anmeldelser
676,25,Restaurant Barshu,"4,5 ud af 5 bobler",18 anmeldelser
677,26,Restaurant Ilden København,4 ud af 5 bobler,46 anmeldelser
678,27,Soernes Olbar,4 ud af 5 bobler,39 anmeldelser
679,28,Gravy,"4,5 ud af 5 bobler",26 anmeldelser
680,29,Cholon by Lâm Lê,"4,5 ud af 5 bobler",15 anmeldelser
681,30,Il Locale Italian Craft Beer,4 ud af 5 bobler,35 anmeldelser
683,1,Svane Pub,"3,5 ud af 5 bobler",56 anmeldelser
684,2,Søpromenaden,4 ud af 5 bobler,66 anmeldelser
685,3,The First Lady,4 ud af 5 bobler,47 anmeldelser
686,4,Hallernes smørrebrød,"4,5 ud af 5 bobler",16 anmeldelser
687,5,Good Morning Vietnam,4 ud af 5 bobler,69 anmeldelser
688,6,Boulebar Nørregade,"3,5 ud af 5 bobler",117 anmeldelser
689,7,Cafe Høegs,4 ud af 5 bobler,78 anmeldelser
690,8,Rugantino,4 ud af 5 bobler,49 anmeldelser
691,9,Terroiristen,"4,5 ud af 5 bobler",29 anmeldelser
692,10,Barbar Bar,"3,5 ud af 5 bobler",121 anmeldelser
693,11,Ancestrale,4 ud af 5 bobler,33 anmeldelser
694,12,1. th,4 ud af 5 bobler,88 anmeldelser
695,13,No 95,5 ud af 5 bobler,15 anmeldelser
696,14,Pixie,"3,5 ud af 5 bobler",119 anmeldelser
697,15,Cafe Marzano,"4,5 ud af 5 bobler",16 anmeldelser
698,16,Kiin Kiin Street at WestMarket,"4,5 ud af 5 bobler",19 anmeldelser
699,17,Ritas Smørrebrød,"4,5 ud af 5 bobler",17 anmeldelser
700,18,Sapore D´Italia,4 ud af 5 bobler,34 anmeldelser
701,19,Miklagaard Café & Steakhouse,4 ud af 5 bobler,44 anmeldelser
702,20,Thai Asien Take Away,4 ud af 5 bobler,27 anmeldelser
703,21,Bagerdygtigt,"4,5 ud af 5 bobler",19 anmeldelser
704,22,Hav Torvehallerne,"4,5 ud af 5 bobler",19 anmeldelser
705,23,Wannisa,4 ud af 5 bobler,25 anmeldelser
706,24,Toga Vinstue,4 ud af 5 bobler,35 anmeldelser
707,25,Victorious Sportsbar & Café,5 ud af 5 bobler,12 anmeldelser
708,26,PzNordic,"4,5 ud af 5 bobler",24 anmeldelser
709,27,Watami,4 ud af 5 bobler,72 anmeldelser
710,28,Takii Sushi,4 ud af 5 bobler,53 anmeldelser
711,29,Bombay,"3,5 ud af 5 bobler",120 anmeldelser
712,30,Ranee's,4 ud af 5 bobler,62 anmeldelser
716,3,P2 by Maleck,4 ud af 5 bobler,32 anmeldelser
717,4,Greasy Spoon,"3,5 ud af 5 bobler",185 anmeldelser
718,5,Mangia Bar & Ristorante,4 ud af 5 bobler,53 anmeldelser
719,6,Izumi Vesterbro,"4,5 ud af 5 bobler",13 anmeldelser
720,7,Silom Restaurant,4 ud af 5 bobler,47 anmeldelser
721,8,Café Alma,"3,5 ud af 5 bobler",234 anmeldelser
722,9,Toscana Due Italiensk Pizza,4 ud af 5 bobler,23 anmeldelser
723,10,Drop Inn,"4,5 ud af 5 bobler",21 anmeldelser
724,11,Restaurant Smör,4 ud af 5 bobler,49 anmeldelser
725,12,Chun bo,"3,5 ud af 5 bobler",84 anmeldelser
726,13,Måltid,"4,5 ud af 5 bobler",19 anmeldelser
727,14,L'Anfora,"3,5 ud af 5 bobler",81 anmeldelser
728,15,Vini Vino,5 ud af 5 bobler,14 anmeldelser
729,16,Poco Picante,4 ud af 5 bobler,25 anmeldelser
730,17,The Scottish Pub,"3,5 ud af 5 bobler",105 anmeldelser
731,18,Chai Shai,"4,5 ud af 5 bobler",14 anmeldelser
732,19,Barkowski,"4,5 ud af 5 bobler",21 anmeldelser
733,20,Olufs,"4,5 ud af 5 bobler",20 anmeldelser
734,21,Omegn,"4,5 ud af 5 bobler",15 anmeldelser
735,22,Mahalle Cph,4 ud af 5 bobler,28 anmeldelser
736,23,Joe & the Juice,"3,5 ud af 5 bobler",131 anmeldelser
737,24,Milano Restaurant & Pizzaria,"3,5 ud af 5 bobler",125 anmeldelser
738,25,Klint - Designmuseets Cafe,4 ud af 5 bobler,37 anmeldelser
739,26,Restaurant Porn-Sak,"3,5 ud af 5 bobler",82 anmeldelser
740,27,Cafe Zalt,"3,5 ud af 5 bobler",260 anmeldelser
741,28,The a la menthe,4 ud af 5 bobler,47 anmeldelser
742,29,Restaurant Romarin,4 ud af 5 bobler,51 anmeldelser
745,1,Meyer's Deli,"3,5 ud af 5 bobler",91 anmeldelser
747,3,Salt & Pepper,"3,5 ud af 5 bobler",60 anmeldelser
748,4,Restaurant Frokosten,4 ud af 5 bobler,30 anmeldelser
749,5,Froken Sandwich,"4,5 ud af 5 bobler",19 anmeldelser
750,6,Bonden og Adelen,"4,5 ud af 5 bobler",20 anmeldelser
751,7,Himalaya Restaurant,4 ud af 5 bobler,49 anmeldelser
752,8,Steak & Thai Restaurant,4 ud af 5 bobler,33 anmeldelser
753,9,Bazaar,"3,5 ud af 5 bobler",73 anmeldelser
754,10,Spicey Kitchen,"3,5 ud af 5 bobler",92 anmeldelser
755,11,Issa,4 ud af 5 bobler,54 anmeldelser
756,12,Hija De Sanchez,4 ud af 5 bobler,50 anmeldelser
757,13,Woowok,4 ud af 5 bobler,43 anmeldelser
758,14,Kødbyens Is,5 ud af 5 bobler,11 anmeldelser
759,15,Aroiidee,4 ud af 5 bobler,55 anmeldelser
760,16,Pier 5,4 ud af 5 bobler,52 anmeldelser
761,17,Ramsløg by sides.,5 ud af 5 bobler,11 anmeldelser
762,18,Glød,"4,5 ud af 5 bobler",12 anmeldelser
763,19,H3 Fiskerestaurant,"4,5 ud af 5 bobler",14 anmeldelser
764,20,Gro Spiseri,4 ud af 5 bobler,36 anmeldelser
765,21,Le Kaff,"4,5 ud af 5 bobler",13 anmeldelser
766,22,Bevi Bevi,4 ud af 5 bobler,33 anmeldelser
767,23,Taste - house of cascabel,4 ud af 5 bobler,26 anmeldelser
768,24,Madklubben Nørrebro,4 ud af 5 bobler,32 anmeldelser
769,25,Broaden & Build,"4,5 ud af 5 bobler",10 anmeldelser
770,26,Cafe Pyt,5 ud af 5 bobler,9 anmeldelser
771,27,El Chavo Mexicano,4 ud af 5 bobler,34 anmeldelser
772,28,Shakedown,"3,5 ud af 5 bobler",72 anmeldelser
773,29,Dinner Sushi,4 ud af 5 bobler,28 anmeldelser
774,30,Cafe Bjorg's,"3,5 ud af 5 bobler",131 anmeldelser
776,1,Restaurant Fyrtøjet,"3,5 ud af 5 bobler",287 anmeldelser
777,2,nihao YAO,5 ud af 5 bobler,10 anmeldelser
779,4,Mikkeler Barrel Room,5 ud af 5 bobler,10 anmeldelser
780,5,Restaurant India,4 ud af 5 bobler,24 anmeldelser
781,6,Chai Wong,"3,5 ud af 5 bobler",106 anmeldelser
782,7,Sushi Factory,"4,5 ud af 5 bobler",14 anmeldelser
783,8,Apartment 38,"4,5 ud af 5 bobler",11 anmeldelser
784,9,Cafe Hoppes,"3,5 ud af 5 bobler",224 anmeldelser
785,10,Lundgren V.I.P. Frederiksberg,4 ud af 5 bobler,25 anmeldelser
786,11,Cafe cyprus,"3,5 ud af 5 bobler",50 anmeldelser
787,12,Indian Swaad,"4,5 ud af 5 bobler",24 anmeldelser
788,13,Olivers Oase,"4,5 ud af 5 bobler",15 anmeldelser
789,14,EggSperience,"4,5 ud af 5 bobler",12 anmeldelser
790,15,Pub og Sport,4 ud af 5 bobler,35 anmeldelser
791,16,Go Sushi,"4,5 ud af 5 bobler",16 anmeldelser
792,17,Mirabelle,"3,5 ud af 5 bobler",182 anmeldelser
793,18,Tino’s Pizzeria,4 ud af 5 bobler,31 anmeldelser
794,19,Souvlaki Stories,"4,5 ud af 5 bobler",24 anmeldelser
795,20,The Bird & Kissmeyer,"4,5 ud af 5 bobler",15 anmeldelser
796,21,Bistro Panpan,4 ud af 5 bobler,28 anmeldelser
797,22,Cafe Vivaldi - Falkoner Allé,"3,5 ud af 5 bobler",80 anmeldelser
798,23,Da Nino e Franco,4 ud af 5 bobler,115 anmeldelser
799,24,Hallernes Smørrebrød,4 ud af 5 bobler,26 anmeldelser
800,25,Kato Sushi,"4,5 ud af 5 bobler",20 anmeldelser
801,26,Cafe Christianshavn,"4,5 ud af 5 bobler",10 anmeldelser
802,27,Restaurant Paustian,4 ud af 5 bobler,83 anmeldelser
803,28,Durum Bar Nørrebro,"4,5 ud af 5 bobler",11 anmeldelser
804,29,Hereford Village,"3,5 ud af 5 bobler",252 anmeldelser
805,30,Genki sushi,4 ud af 5 bobler,29 anmeldelser
807,1,Elly's kaffebar,5 ud af 5 bobler,14 anmeldelser
808,2,Nagoya,4 ud af 5 bobler,23 anmeldelser
809,3,Lille Bakery,"4,5 ud af 5 bobler",11 anmeldelser
810,4,Café Baaden,4 ud af 5 bobler,33 anmeldelser
811,5,Restaurant Zafran,4 ud af 5 bobler,71 anmeldelser
812,6,Mudan Restaurant,"4,5 ud af 5 bobler",13 anmeldelser
813,7,Omakase,4 ud af 5 bobler,20 anmeldelser
814,8,"Vapiano Frederiksborggade, København","3,5 ud af 5 bobler",57 anmeldelser
815,9,just-A-winebar,"4,5 ud af 5 bobler",22 anmeldelser
816,10,Cock's & Cows Ravnsborggade,"3,5 ud af 5 bobler",69 anmeldelser
817,11,Tea:licious Café,5 ud af 5 bobler,17 anmeldelser
818,12,Natur Tørst,5 ud af 5 bobler,9 anmeldelser
819,13,Cheung's Grill,5 ud af 5 bobler,11 anmeldelser
820,14,Djuus Copenhagen,"4,5 ud af 5 bobler",11 anmeldelser
821,15,Restaurant Flammen København Nyropsgade,"3,5 ud af 5 bobler",66 anmeldelser
822,16,Bryggeriet Apollo,"3,5 ud af 5 bobler",73 anmeldelser
823,17,King Ya Running Sushi & Wok,"3,5 ud af 5 bobler",58 anmeldelser
824,18,Holms Bager,4 ud af 5 bobler,19 anmeldelser
825,19,Brødflov,"4,5 ud af 5 bobler",12 anmeldelser
826,20,& Rudolph,"4,5 ud af 5 bobler",12 anmeldelser
827,21,Nakorn Thai,"3,5 ud af 5 bobler",60 anmeldelser
828,22,Novel Café,"4,5 ud af 5 bobler",19 anmeldelser
829,23,Værge Caféen,4 ud af 5 bobler,25 anmeldelser
830,24,Fresh Sushi,4 ud af 5 bobler,34 anmeldelser
831,25,Stefanos Pizza,4 ud af 5 bobler,39 anmeldelser
832,26,pasta house,"4,5 ud af 5 bobler",13 anmeldelser
833,27,Gaza Grill,"4,5 ud af 5 bobler",20 anmeldelser
834,28,Brasserie Storm,4 ud af 5 bobler,48 anmeldelser
835,29,Cafe Ristet Rug,5 ud af 5 bobler,9 anmeldelser
836,30,Motto Bar & Trattoria,5 ud af 5 bobler,10 anmeldelser
838,1,Pizzeria 54,4 ud af 5 bobler,18 anmeldelser
839,2,Cafe Moccador,"3,5 ud af 5 bobler",39 anmeldelser
841,4,Galathea Kroen,4 ud af 5 bobler,34 anmeldelser
842,5,Sushi Saiko,4 ud af 5 bobler,60 anmeldelser
843,6,Hvitfeldt Kaffe,"4,5 ud af 5 bobler",12 anmeldelser
844,7,Gorm's Fields,"3,5 ud af 5 bobler",180 anmeldelser
845,8,Coffee Fellaz,5 ud af 5 bobler,8 anmeldelser
846,9,Food club,4 ud af 5 bobler,19 anmeldelser
847,10,Spisehuset rub og stub,4 ud af 5 bobler,36 anmeldelser
848,11,Hyggestund,4 ud af 5 bobler,36 anmeldelser
849,12,Nyhavn 17,"3,5 ud af 5 bobler",746 anmeldelser
850,13,Bistro Central,4 ud af 5 bobler,50 anmeldelser
851,14,Bojesen,"4,5 ud af 5 bobler",15 anmeldelser
852,15,Osterbros Originale Burgerrestaurant,"3,5 ud af 5 bobler",102 anmeldelser
853,16,Lanes and Louges,4 ud af 5 bobler,29 anmeldelser
854,17,DAC& CAFE,"4,5 ud af 5 bobler",9 anmeldelser
855,18,Café René,4 ud af 5 bobler,52 anmeldelser
856,19,Herkules Pavillonen,"4,5 ud af 5 bobler",10 anmeldelser
857,20,Maobao,5 ud af 5 bobler,9 anmeldelser
858,21,Liberty Burgers & Grill,"3,5 ud af 5 bobler",111 anmeldelser
859,22,Kanton 27,"4,5 ud af 5 bobler",11 anmeldelser
860,23,Taste of Taiwan Bubble Tea,"4,5 ud af 5 bobler",9 anmeldelser
861,24,Restaurant G,"3,5 ud af 5 bobler",50 anmeldelser
862,25,Louises Fiskebar,"4,5 ud af 5 bobler",19 anmeldelser
863,26,Meyers Bageri Store Kongensgade,4 ud af 5 bobler,18 anmeldelser
864,27,"El Patrón, Tacos By Armando","4,5 ud af 5 bobler",14 anmeldelser
865,28,Storehouse,"4,5 ud af 5 bobler",12 anmeldelser
866,29,Dalle Valle Fields,"3,5 ud af 5 bobler",95 anmeldelser
867,30,Fish 'n' chips tivoli,"3,5 ud af 5 bobler",69 anmeldelser
869,1,Restaurant Kreta,4 ud af 5 bobler,27 anmeldelser
870,2,L'appetit,4 ud af 5 bobler,25 anmeldelser
871,3,Andre Citroen,4 ud af 5 bobler,36 anmeldelser
872,4,Gourmet street food n' soup,4 ud af 5 bobler,23 anmeldelser
873,5,Le Basilic,"3,5 ud af 5 bobler",183 anmeldelser
874,6,Restaurant Oranje,4 ud af 5 bobler,33 anmeldelser
875,7,Bryggeri Skovlyst,"3,5 ud af 5 bobler",255 anmeldelser
876,8,Fontana Di Trevi,4 ud af 5 bobler,25 anmeldelser
877,9,Ristorante Zio & Nonna,5 ud af 5 bobler,15 anmeldelser
878,10,The Mad Hatter Bubble Tea Emporium,4 ud af 5 bobler,21 anmeldelser
879,11,Le Coin,"4,5 ud af 5 bobler",10 anmeldelser
880,12,Smagsløget (City),5 ud af 5 bobler,7 anmeldelser
881,13,Spise\Bar Nr. 20,"3,5 ud af 5 bobler",50 anmeldelser
882,14,Lagkagehuset,4 ud af 5 bobler,21 anmeldelser
883,15,Bartof,4 ud af 5 bobler,33 anmeldelser
884,16,Taim Restaurant,"4,5 ud af 5 bobler",9 anmeldelser
885,17,Bingo 156,5 ud af 5 bobler,7 anmeldelser
886,18,Henckell,5 ud af 5 bobler,8 anmeldelser
887,19,Kardemomme,"3,5 ud af 5 bobler",47 anmeldelser
888,20,Jensens Bøfhus København (Axeltorv),3 ud af 5 bobler,348 anmeldelser
889,21,The South Indian Fields,"3,5 ud af 5 bobler",53 anmeldelser
890,22,Normandie,4 ud af 5 bobler,37 anmeldelser
891,23,Namaste Nepal,4 ud af 5 bobler,32 anmeldelser
892,24,1+1 Street Kitchen,"4,5 ud af 5 bobler",12 anmeldelser
893,25,Charlie Scotts Bar,"4,5 ud af 5 bobler",18 anmeldelser
894,26,Jasmin Corner,4 ud af 5 bobler,32 anmeldelser
895,27,Promenaden 1932,"3,5 ud af 5 bobler",37 anmeldelser
896,28,Cafe Sirius,4 ud af 5 bobler,24 anmeldelser
897,29,Iki Sushi,4 ud af 5 bobler,20 anmeldelser
898,30,Desserthuset,"4,5 ud af 5 bobler",8 anmeldelser
900,1,Kost & Mask,"3,5 ud af 5 bobler",31 anmeldelser
901,2,Søcafeen,"3,5 ud af 5 bobler",107 anmeldelser
902,3,Marco Polo Restaurant,"4,5 ud af 5 bobler",13 anmeldelser
903,4,Que Pasa,"4,5 ud af 5 bobler",24 anmeldelser
904,5,Osteria del Grappolo Blu,4 ud af 5 bobler,53 anmeldelser
905,6,Yoburger,4 ud af 5 bobler,24 anmeldelser
906,7,Thai restaurant,"3,5 ud af 5 bobler",59 anmeldelser
907,8,Beat Café,"4,5 ud af 5 bobler",7 anmeldelser
908,9,Min Thai Takeaway,5 ud af 5 bobler,8 anmeldelser
909,10,Quattro Fontane Due,5 ud af 5 bobler,8 anmeldelser
910,11,Madklubben Østerbro,"3,5 ud af 5 bobler",62 anmeldelser
911,12,Café Parallel,5 ud af 5 bobler,6 anmeldelser
912,13,Graesk Smag,"4,5 ud af 5 bobler",17 anmeldelser
913,14,Elliot - Coffee & Craft Beer,5 ud af 5 bobler,6 anmeldelser
914,15,Kashmir Indisk Restaurant,"3,5 ud af 5 bobler",55 anmeldelser
915,16,Brewers inc,5 ud af 5 bobler,7 anmeldelser
916,17,Bua Restaurant,5 ud af 5 bobler,6 anmeldelser
917,18,Sliders,4 ud af 5 bobler,15 anmeldelser
918,19,Bak Homemade Sandwich,5 ud af 5 bobler,7 anmeldelser
919,20,Bon Appetit,5 ud af 5 bobler,6 anmeldelser
920,21,Din Nye Ven,4 ud af 5 bobler,20 anmeldelser
921,22,Kongens Bar,4 ud af 5 bobler,17 anmeldelser
922,23,Restaurant Værksted 1751,"4,5 ud af 5 bobler",11 anmeldelser
923,24,Palace Hotel Restaurant,"3,5 ud af 5 bobler",40 anmeldelser
924,25,Meyer's deli,"3,5 ud af 5 bobler",64 anmeldelser
925,26,Oyisi Running Sushi,4 ud af 5 bobler,40 anmeldelser
926,27,One Bowl,5 ud af 5 bobler,6 anmeldelser
927,28,Vaffelbageriet,4 ud af 5 bobler,17 anmeldelser
928,29,Bronx,"3,5 ud af 5 bobler",28 anmeldelser
929,30,Safir kebab,4 ud af 5 bobler,34 anmeldelser
931,1,Viften,"3,5 ud af 5 bobler",38 anmeldelser
932,2,Berkeley take away,5 ud af 5 bobler,9 anmeldelser
933,3,L & V Café,"4,5 ud af 5 bobler",10 anmeldelser
934,4,Bj´s Original Burger Joint,5 ud af 5 bobler,6 anmeldelser
935,5,La Sardegna,"4,5 ud af 5 bobler",17 anmeldelser
936,6,French Chicken,"4,5 ud af 5 bobler",20 anmeldelser
937,7,Buvette Nordhavn,5 ud af 5 bobler,6 anmeldelser
938,8,Sofienholmcafe,"3,5 ud af 5 bobler",33 anmeldelser
939,9,VIET - NAM NAM,"3,5 ud af 5 bobler",35 anmeldelser
940,10,Ocean Club Restaurant,"3,5 ud af 5 bobler",89 anmeldelser
941,11,Guilty Copenhagen,5 ud af 5 bobler,7 anmeldelser
942,12,SKT. PETRI Restaurant,4 ud af 5 bobler,18 anmeldelser
944,14,Gasoline Grill,"4,5 ud af 5 bobler",7 anmeldelser
945,15,Clarrods & Co,4 ud af 5 bobler,16 anmeldelser
946,16,Petrol Cafe,"4,5 ud af 5 bobler",7 anmeldelser
947,17,Hos Nicola,4 ud af 5 bobler,32 anmeldelser
948,18,Le Gourmand,5 ud af 5 bobler,20 anmeldelser
949,19,Weltkuglen,"4,5 ud af 5 bobler",10 anmeldelser
950,20,Kogebogeriet - Kogeboghandel Og Café,5 ud af 5 bobler,6 anmeldelser
951,21,Café Nutid,"4,5 ud af 5 bobler",13 anmeldelser
952,22,Kuma,4 ud af 5 bobler,17 anmeldelser
953,23,MØR Restaurant & Bar,4 ud af 5 bobler,22 anmeldelser
954,24,Mors Køkken,"4,5 ud af 5 bobler",10 anmeldelser
955,25,Boulevarden,"4,5 ud af 5 bobler",10 anmeldelser
956,26,Alanya Kebab,"4,5 ud af 5 bobler",7 anmeldelser
957,27,Winterspring,"4,5 ud af 5 bobler",11 anmeldelser
958,28,Mama Ludbas,"3,5 ud af 5 bobler",133 anmeldelser
959,29,Kahyt & Kaffe,5 ud af 5 bobler,7 anmeldelser
960,30,Bojesen i Operaen,4 ud af 5 bobler,39 anmeldelser
962,1,Løgismose Illum Rooftop,4 ud af 5 bobler,14 anmeldelser
963,2,My Poké Illum,5 ud af 5 bobler,6 anmeldelser
964,3,Plads’N,"4,5 ud af 5 bobler",7 anmeldelser
965,4,Taj Diner,"4,5 ud af 5 bobler",8 anmeldelser
966,5,Noodle House,"3,5 ud af 5 bobler",35 anmeldelser
967,6,"Woolstock - cotton, wool and coffee",5 ud af 5 bobler,6 anmeldelser
968,7,Kontikibar og Færgen Ellen,4 ud af 5 bobler,38 anmeldelser
969,8,Cafe Globen,"4,5 ud af 5 bobler",17 anmeldelser
970,9,Café Sweet Surrender,4 ud af 5 bobler,12 anmeldelser
971,10,DEJ,4 ud af 5 bobler,22 anmeldelser
972,11,Lagano,4 ud af 5 bobler,17 anmeldelser
973,12,LETZ SUSHI STORE KONGENSGADE,"4,5 ud af 5 bobler",7 anmeldelser
974,13,a roii,4 ud af 5 bobler,35 anmeldelser
975,14,MASH Frederiksberg,4 ud af 5 bobler,17 anmeldelser
976,15,Mad & Vin i Magasin,4 ud af 5 bobler,32 anmeldelser
977,16,Beyti,"3,5 ud af 5 bobler",31 anmeldelser
978,17,Cafe Oha,"4,5 ud af 5 bobler",8 anmeldelser
979,18,Mazzoli's,3 ud af 5 bobler,232 anmeldelser
980,19,Sunday Munday,4 ud af 5 bobler,10 anmeldelser
981,20,Barabbas,"3,5 ud af 5 bobler",32 anmeldelser
982,21,Cortigiano,"3,5 ud af 5 bobler",109 anmeldelser
983,22,D'Taste,"4,5 ud af 5 bobler",9 anmeldelser
984,23,Pret a Manger,4 ud af 5 bobler,17 anmeldelser
985,24,Cafe North & Indian Cuisine,"4,5 ud af 5 bobler",40 anmeldelser
986,25,Tryk Bar ApS,"4,5 ud af 5 bobler",11 anmeldelser
987,26,Madsens Mekka,5 ud af 5 bobler,7 anmeldelser
988,27,Restaurant Støj,5 ud af 5 bobler,6 anmeldelser
989,28,Absalon,"4,5 ud af 5 bobler",8 anmeldelser
990,29,Govindas,"4,5 ud af 5 bobler",13 anmeldelser
991,30,Piccola Italia,4 ud af 5 bobler,49 anmeldelser
993,1,Angelini,"4,5 ud af 5 bobler",7 anmeldelser
994,2,Grød,5 ud af 5 bobler,5 anmeldelser
995,3,Koelschip,5 ud af 5 bobler,8 anmeldelser
996,4,Gorm's Amagerbrogade,"3,5 ud af 5 bobler",29 anmeldelser
997,5,Izumi,4 ud af 5 bobler,10 anmeldelser
998,6,Kaldi Copenhagen,5 ud af 5 bobler,5 anmeldelser
999,7,Wok King,4 ud af 5 bobler,13 anmeldelser
1000,8,FORSYNINGEN - Mad & Drikke,"4,5 ud af 5 bobler",7 anmeldelser
1001,9,Cafe Castro,"3,5 ud af 5 bobler",45 anmeldelser
1002,10,Bastionens Cafe,5 ud af 5 bobler,7 anmeldelser
1003,11,Non Solo Trattoria,"4,5 ud af 5 bobler",8 anmeldelser
1004,12,Mulgeo Blinis & Bubbles Bar Torvehallerne,5 ud af 5 bobler,5 anmeldelser
1005,13,Nam Thip Restaurant,4 ud af 5 bobler,67 anmeldelser
1006,14,Chin Chin,4 ud af 5 bobler,23 anmeldelser
1007,15,Crazy Chicken,4 ud af 5 bobler,17 anmeldelser
1008,16,The Noodle Box,"4,5 ud af 5 bobler",6 anmeldelser
1009,17,Cafe Botanika,"4,5 ud af 5 bobler",6 anmeldelser
1010,18,Chaophraya,4 ud af 5 bobler,18 anmeldelser
1011,19,Cafe Assistenten,5 ud af 5 bobler,9 anmeldelser
1012,20,Kaffeplantagen,4 ud af 5 bobler,12 anmeldelser
1013,21,hing's sushi,4 ud af 5 bobler,24 anmeldelser
1014,22,Blue House,4 ud af 5 bobler,20 anmeldelser
1015,23,Ruffino,4 ud af 5 bobler,9 anmeldelser
1016,24,China Palace Restaurant,"3,5 ud af 5 bobler",34 anmeldelser
1017,25,Rays,5 ud af 5 bobler,6 anmeldelser
1018,26,Pizzeria Massimo,"4,5 ud af 5 bobler",17 anmeldelser
1019,27,Hadis Café,"4,5 ud af 5 bobler",7 anmeldelser
1020,28,Kongens Hytte,"4,5 ud af 5 bobler",7 anmeldelser
1021,29,Wulff & Konstali,4 ud af 5 bobler,12 anmeldelser
1022,30,Dragon City og Toyama Running Sushi,4 ud af 5 bobler,20 anmeldelser
1024,1,Meyers Bageri,"4,5 ud af 5 bobler",7 anmeldelser
1025,2,Floras kaffebar,4 ud af 5 bobler,21 anmeldelser
1026,3,Wokshop Cantina Frederiksberg,"3,5 ud af 5 bobler",33 anmeldelser
1027,4,Jack's hole in a wall,"4,5 ud af 5 bobler",6 anmeldelser
1028,5,Petit Pate,4 ud af 5 bobler,17 anmeldelser
1029,6,Le President,3 ud af 5 bobler,376 anmeldelser
1030,7,Sund Sult,4 ud af 5 bobler,10 anmeldelser
1031,8,Cantinos,"4,5 ud af 5 bobler",6 anmeldelser
1032,9,"Løgismose Vin, Mad & Delikatesser","4,5 ud af 5 bobler",5 anmeldelser
1033,10,Sushi Stop,5 ud af 5 bobler,4 anmeldelser
1034,11,Restaurant Rio Bravo,3 ud af 5 bobler,436 anmeldelser
1035,12,Café Nick,"4,5 ud af 5 bobler",9 anmeldelser
1036,13,Fusion Monkey,"4,5 ud af 5 bobler",5 anmeldelser
1037,14,Restaurant Panorama,"3,5 ud af 5 bobler",24 anmeldelser
1038,15,Kolsters,"4,5 ud af 5 bobler",9 anmeldelser
1039,16,Espresso Huset,"4,5 ud af 5 bobler",7 anmeldelser
1040,17,Shahi Restaurant,"3,5 ud af 5 bobler",136 anmeldelser
1041,18,Nozomi,4 ud af 5 bobler,26 anmeldelser
1042,19,Brasserie Jacobsen ILLUM ROOFTOP,4 ud af 5 bobler,9 anmeldelser
1043,20,Durum Bar Øst,"4,5 ud af 5 bobler",6 anmeldelser
1044,21,Sebastopol,"3,5 ud af 5 bobler",109 anmeldelser
1045,22,Sunset Boulevard,"3,5 ud af 5 bobler",26 anmeldelser
1046,23,Sakaki Sushi,"3,5 ud af 5 bobler",23 anmeldelser
1047,24,The Mudhoney,4 ud af 5 bobler,10 anmeldelser
1048,25,Kaffebaren,4 ud af 5 bobler,9 anmeldelser
1049,26,Indish,"4,5 ud af 5 bobler",6 anmeldelser
1050,27,Den Lykkelige Familie,"4,5 ud af 5 bobler",10 anmeldelser
1051,28,Nyhavnscafeen,"3,5 ud af 5 bobler",42 anmeldelser
1052,29,Café du Nord,4 ud af 5 bobler,14 anmeldelser
1053,30,Tino's Pizza,4 ud af 5 bobler,12 anmeldelser
1055,1,Nørreport Bodega,"4,5 ud af 5 bobler",6 anmeldelser
1056,2,The Handsome - Sandwich & Coffee,5 ud af 5 bobler,6 anmeldelser
1058,4,Tvermoesgaard Restaurant and Bar,"4,5 ud af 5 bobler",9 anmeldelser
1059,5,Cafe Delight - Frokost Cafe,5 ud af 5 bobler,4 anmeldelser
1060,6,Thai me up,4 ud af 5 bobler,16 anmeldelser
1061,7,Coffeesound,5 ud af 5 bobler,4 anmeldelser
1062,8,Domo Restaurant,"3,5 ud af 5 bobler",20 anmeldelser
1063,9,Dhaba Indian street food,5 ud af 5 bobler,4 anmeldelser
1064,10,Restaurant Hong Cheng,"3,5 ud af 5 bobler",24 anmeldelser
1065,11,Massimo - Italiensk Pizzeria,4 ud af 5 bobler,23 anmeldelser
1066,12,Wafu Ramen,5 ud af 5 bobler,4 anmeldelser
1067,13,Como Trattoria,"3,5 ud af 5 bobler",32 anmeldelser
1069,15,Traktorstedet Rosenborg Slot,"3,5 ud af 5 bobler",21 anmeldelser
1070,16,Yum Yoga & Café,5 ud af 5 bobler,4 anmeldelser
1071,17,Dupong,4 ud af 5 bobler,16 anmeldelser
1072,18,Iki Sushi Gammel Kongevej,"3,5 ud af 5 bobler",11 anmeldelser
1073,19,The Garden Cafe,"3,5 ud af 5 bobler",17 anmeldelser
1074,20,Selina Pizza,"3,5 ud af 5 bobler",18 anmeldelser
1075,21,Bravissimo,5 ud af 5 bobler,5 anmeldelser
1076,22,Sultan shawarma,5 ud af 5 bobler,5 anmeldelser
1077,23,Vandkunsten Sandwich Torvegade,"4,5 ud af 5 bobler",5 anmeldelser
1078,24,Restaurant Ny Zi Yang,"3,5 ud af 5 bobler",20 anmeldelser
1080,26,Nikko Sushi,4 ud af 5 bobler,13 anmeldelser
1081,27,Thai Kacha,4 ud af 5 bobler,11 anmeldelser
1082,28,Chopstix,"3,5 ud af 5 bobler",27 anmeldelser
1083,29,Cafe Grabz,4 ud af 5 bobler,7 anmeldelser
1084,30,Promenaden Tivoli,3 ud af 5 bobler,261 anmeldelser
1086,1,La Carmela Pizzeria e Birrateque,5 ud af 5 bobler,3 anmeldelser
1087,2,Restaurant China Garden,4 ud af 5 bobler,11 anmeldelser
1088,3,Grabrodre Kro,4 ud af 5 bobler,6 anmeldelser
1089,4,Kjær Sommerfeldt,"4,5 ud af 5 bobler",5 anmeldelser
1090,5,Met Cph,5 ud af 5 bobler,3 anmeldelser
1091,6,JAGGER Fast Food,"3,5 ud af 5 bobler",10 anmeldelser
1092,7,Kaffekilden,"4,5 ud af 5 bobler",4 anmeldelser
1093,8,Nordlys Cafe og Spisehus,"3,5 ud af 5 bobler",32 anmeldelser
1094,9,Lauras Bakery Vaernedamsvej,"3,5 ud af 5 bobler",17 anmeldelser
1095,10,Jagger Fast Food,"3,5 ud af 5 bobler",14 anmeldelser
1096,11,Tutten,4 ud af 5 bobler,6 anmeldelser
1097,12,Pizzeria Kanalen,4 ud af 5 bobler,13 anmeldelser
1098,13,Kødbyens Høker,"4,5 ud af 5 bobler",4 anmeldelser
1099,14,Sakura,4 ud af 5 bobler,26 anmeldelser
1100,15,Kafferiet Christianshavn,4 ud af 5 bobler,5 anmeldelser
1101,16,Tapa del Toro Tivoli,5 ud af 5 bobler,3 anmeldelser
1102,17,Jagger,4 ud af 5 bobler,5 anmeldelser
1103,18,Couloir,3 ud af 5 bobler,188 anmeldelser
1104,19,KaffeVærket,"4,5 ud af 5 bobler",7 anmeldelser
1105,20,Restaurant stigs vinkaelder,"4,5 ud af 5 bobler",6 anmeldelser
1106,21,Karma Sushi Kødbyen,"3,5 ud af 5 bobler",31 anmeldelser
1107,22,Veji,4 ud af 5 bobler,6 anmeldelser
1109,24,Spaghetti Martelli,"4,5 ud af 5 bobler",7 anmeldelser
1110,25,The Burger Amager,4 ud af 5 bobler,5 anmeldelser
1111,26,Kaffe & Vinbaren,5 ud af 5 bobler,4 anmeldelser
1112,27,Emmerys,5 ud af 5 bobler,4 anmeldelser
1113,28,Frede & Vester's,4 ud af 5 bobler,8 anmeldelser
1114,29,Coffee No24,5 ud af 5 bobler,3 anmeldelser
1115,30,Vivah,"3,5 ud af 5 bobler",27 anmeldelser
1117,1,Havnens BBQ,4 ud af 5 bobler,10 anmeldelser
1118,2,Østerberg Ice Cream,5 ud af 5 bobler,4 anmeldelser
1119,3,Cafe Det Elektriske Hjoerne,"3,5 ud af 5 bobler",65 anmeldelser
1120,4,The Real Greek Reffen,4 ud af 5 bobler,6 anmeldelser
1121,5,90'eren,4 ud af 5 bobler,12 anmeldelser
1122,6,Le Diamant,3 ud af 5 bobler,302 anmeldelser
1123,7,Bangkok,4 ud af 5 bobler,13 anmeldelser
1124,8,Pizzeria Imperia,5 ud af 5 bobler,3 anmeldelser
1125,9,Thai House Take Away,4 ud af 5 bobler,8 anmeldelser
1126,10,Den Plettede Gris,"4,5 ud af 5 bobler",6 anmeldelser
1127,11,Restaurant IDA Bryggen,5 ud af 5 bobler,4 anmeldelser
1128,12,Kul,"3,5 ud af 5 bobler",25 anmeldelser
1129,13,Café Georg,"4,5 ud af 5 bobler",7 anmeldelser
1130,14,Nittiya's Thai Takeaway,4 ud af 5 bobler,6 anmeldelser
1131,15,Den Fede Kylling,5 ud af 5 bobler,4 anmeldelser
1132,16,LêLê Street Kitchen // Østerbro,"3,5 ud af 5 bobler",61 anmeldelser
1133,17,Rio Temakeria,"4,5 ud af 5 bobler",12 anmeldelser
1134,18,Guldmagerens Cafe,3 ud af 5 bobler,68 anmeldelser
1135,19,Altanen,"4,5 ud af 5 bobler",5 anmeldelser
1136,20,Kaffesalonen,3 ud af 5 bobler,87 anmeldelser
1137,21,restaurant Promenaden,4 ud af 5 bobler,6 anmeldelser
1139,23,Italian Trattoria and wine bar -The Food Collective,"4,5 ud af 5 bobler",4 anmeldelser
1140,24,Hiko Pizza og Sandwich,"4,5 ud af 5 bobler",4 anmeldelser
1141,25,Skagen,3 ud af 5 bobler,66 anmeldelser
1142,26,Foodcorner,"4,5 ud af 5 bobler",4 anmeldelser
1143,27,Mit Konditori,"4,5 ud af 5 bobler",4 anmeldelser
1144,28,Haven,5 ud af 5 bobler,4 anmeldelser
1145,29,Lygtens Kro,4 ud af 5 bobler,9 anmeldelser
1146,30,Curry Nation,"3,5 ud af 5 bobler",25 anmeldelser
1148,1,Cafe Julia & Safija,5 ud af 5 bobler,4 anmeldelser
1149,2,Dalle Valle Amager,3 ud af 5 bobler,78 anmeldelser
1150,3,Royal bagel,"4,5 ud af 5 bobler",5 anmeldelser
1151,4,LETZ SUSHI VESTERBRO,"3,5 ud af 5 bobler",21 anmeldelser
1152,5,Overfor,"3,5 ud af 5 bobler",100 anmeldelser
1153,6,MyPoké,"3,5 ud af 5 bobler",15 anmeldelser
1154,7,Formaggio Pizza,5 ud af 5 bobler,3 anmeldelser
1156,9,Den gyldne Okse,"3,5 ud af 5 bobler",40 anmeldelser
1157,10,Crepe'tastic,5 ud af 5 bobler,3 anmeldelser
1158,11,KaffeBroen,5 ud af 5 bobler,4 anmeldelser
1159,12,Respect by Plant Power Food,"4,5 ud af 5 bobler",3 anmeldelser
1160,13,The Reception,5 ud af 5 bobler,3 anmeldelser
1161,14,Uganic,"4,5 ud af 5 bobler",3 anmeldelser
1162,15,Classic Pizza Frederiksberg C,4 ud af 5 bobler,6 anmeldelser
1163,16,Da Misto,4 ud af 5 bobler,9 anmeldelser
1164,17,San Marzano,"4,5 ud af 5 bobler",5 anmeldelser
1165,18,BobbaBella,"3,5 ud af 5 bobler",26 anmeldelser
1166,19,Zahren Gourmet,5 ud af 5 bobler,5 anmeldelser
1167,20,Hansens Ice Cream Copenhagen,"4,5 ud af 5 bobler",14 anmeldelser
1168,21,Take'n Eat,"4,5 ud af 5 bobler",6 anmeldelser
1169,22,Mad Synergi,5 ud af 5 bobler,5 anmeldelser
1170,23,Sticks ’n' Sushi,"4,5 ud af 5 bobler",4 anmeldelser
1171,24,"Dispensary, Whisk(e)y & Beer",5 ud af 5 bobler,3 anmeldelser
1172,25,Islands Brygge Wok,"4,5 ud af 5 bobler",3 anmeldelser
1173,26,Sikhiu Thai Restaurant,4 ud af 5 bobler,8 anmeldelser
1174,27,The Lab Kitchen,5 ud af 5 bobler,3 anmeldelser
1175,28,Hos Slagteren,4 ud af 5 bobler,6 anmeldelser
1176,29,Kimchi,"4,5 ud af 5 bobler",4 anmeldelser
1177,30,Nimb Vinotek,"4,5 ud af 5 bobler",4 anmeldelser
1179,1,Restaurant India Vanlose,"4,5 ud af 5 bobler",3 anmeldelser
1180,2,The Spoon Company,"4,5 ud af 5 bobler",4 anmeldelser
1181,3,Dilis,4 ud af 5 bobler,11 anmeldelser
1182,4,Kaffestuen,4 ud af 5 bobler,5 anmeldelser
1183,5,Cafe Noura Antik,"4,5 ud af 5 bobler",3 anmeldelser
1184,6,Kaelder 12,"4,5 ud af 5 bobler",10 anmeldelser
1186,8,Parc Ferme,"4,5 ud af 5 bobler",4 anmeldelser
1187,9,Cock’s & Cows Tivoli,"3,5 ud af 5 bobler",10 anmeldelser
1188,10,KaffeLaden,4 ud af 5 bobler,9 anmeldelser
1189,11,Sandwich Pigen,4 ud af 5 bobler,9 anmeldelser
1190,12,Lima by Mercedes,"4,5 ud af 5 bobler",3 anmeldelser
1191,13,Cafe Månefiskeren,4 ud af 5 bobler,7 anmeldelser
1192,14,Kulinaris,"4,5 ud af 5 bobler",6 anmeldelser
1193,15,Joe & The Juice,"4,5 ud af 5 bobler",4 anmeldelser
1194,16,Sansab,5 ud af 5 bobler,3 anmeldelser
1195,17,Enghave smørrebrød,5 ud af 5 bobler,3 anmeldelser
1196,18,Chela Empanadas Aps,5 ud af 5 bobler,3 anmeldelser
1197,19,PancakeQueen,4 ud af 5 bobler,5 anmeldelser
1198,20,Musik-conditoriet,"4,5 ud af 5 bobler",4 anmeldelser
1199,21,Frederiksberg Ismejeri,5 ud af 5 bobler,4 anmeldelser
1200,22,Kod & Bajer,5 ud af 5 bobler,3 anmeldelser
1201,23,Restaurant von Plessen,"3,5 ud af 5 bobler",14 anmeldelser
1202,24,Quattro Stagioni,"4,5 ud af 5 bobler",7 anmeldelser
1203,25,Cafe Antique,"4,5 ud af 5 bobler",4 anmeldelser
1204,26,Reinh. van Hauen Nordre Frihavnsgade,4 ud af 5 bobler,6 anmeldelser
1205,27,Danhostel Copenhagen City,"3,5 ud af 5 bobler",16 anmeldelser
1206,28,O's American Breakfast & Barbeque,"3,5 ud af 5 bobler",36 anmeldelser
1207,29,Paleo Waterfront Shopping,"4,5 ud af 5 bobler",3 anmeldelser
1208,30,La Piazza,"3,5 ud af 5 bobler",12 anmeldelser
1210,1,Cafe 1620,5 ud af 5 bobler,4 anmeldelser
1211,2,Shamyat Halawiyat,"4,5 ud af 5 bobler",3 anmeldelser
1212,3,Bello e Buono,"4,5 ud af 5 bobler",3 anmeldelser
1213,4,Isværket,5 ud af 5 bobler,4 anmeldelser
1214,5,Snapstinget,"3,5 ud af 5 bobler",14 anmeldelser
1215,6,Peryton,"4,5 ud af 5 bobler",3 anmeldelser
1216,7,Hverdagen,"4,5 ud af 5 bobler",3 anmeldelser
1217,8,Dong Yuan,"3,5 ud af 5 bobler",86 anmeldelser
1218,9,Centrum Smorrebrod,"3,5 ud af 5 bobler",18 anmeldelser
1219,10,Tapas Amor,"3,5 ud af 5 bobler",11 anmeldelser
1220,11,VeVe Bistro,"4,5 ud af 5 bobler",3 anmeldelser
1221,12,Cravings - Cupcakes & Kager,"4,5 ud af 5 bobler",4 anmeldelser
1222,13,Cavallino Pizzeria,"3,5 ud af 5 bobler",11 anmeldelser
1223,14,Café Du Nord,"4,5 ud af 5 bobler",3 anmeldelser
1224,15,LETZ SUSHI NORDHAVN,"3,5 ud af 5 bobler",14 anmeldelser
1225,16,Sjus Bar,4 ud af 5 bobler,12 anmeldelser
1226,17,Bacino,"3,5 ud af 5 bobler",25 anmeldelser
1227,18,Samosa House,4 ud af 5 bobler,5 anmeldelser
1228,19,Nordisk Brod,4 ud af 5 bobler,6 anmeldelser
1229,20,Alimentari,"4,5 ud af 5 bobler",3 anmeldelser
1230,21,Tony's Østerbro,"3,5 ud af 5 bobler",9 anmeldelser
1231,22,Juicy Burger,"3,5 ud af 5 bobler",12 anmeldelser
1232,23,Paloma Vermut Cafe,"4,5 ud af 5 bobler",3 anmeldelser
1233,24,Restaurant Le Basilic.,"4,5 ud af 5 bobler",3 anmeldelser
1234,25,Aosta Pizza,5 ud af 5 bobler,2 anmeldelser
1235,26,Cafe Cheftali,4 ud af 5 bobler,4 anmeldelser
1236,27,Snack & Blues,5 ud af 5 bobler,2 anmeldelser
1237,28,Bryghus,"4,5 ud af 5 bobler",5 anmeldelser
1238,29,Cafe Slusen,5 ud af 5 bobler,2 anmeldelser
1239,30,Pompette,5 ud af 5 bobler,2 anmeldelser
1241,1,Borgerkroen,"4,5 ud af 5 bobler",4 anmeldelser
1242,2,Café Tænk,"3,5 ud af 5 bobler",29 anmeldelser
1244,4,Hanegal,5 ud af 5 bobler,2 anmeldelser
1245,5,Mattsson Nielsen,5 ud af 5 bobler,2 anmeldelser
1246,6,Basal,"4,5 ud af 5 bobler",3 anmeldelser
1248,8,Nostos,5 ud af 5 bobler,2 anmeldelser
1249,9,OliOli,5 ud af 5 bobler,2 anmeldelser
1250,10,Café La Tètè,"3,5 ud af 5 bobler",14 anmeldelser
1251,11,Limar,5 ud af 5 bobler,2 anmeldelser
1252,12,Frankies Pizza Nørrebro,"3,5 ud af 5 bobler",15 anmeldelser
1253,13,Blagards Kebab,5 ud af 5 bobler,4 anmeldelser
1254,14,Aloha,"4,5 ud af 5 bobler",3 anmeldelser
1255,15,Riccos Kaffebar,"3,5 ud af 5 bobler",13 anmeldelser
1256,16,Restaurant TOLV,4 ud af 5 bobler,5 anmeldelser
1257,17,Rock Bar Royal,"3,5 ud af 5 bobler",19 anmeldelser
1259,19,Quatru Fontane,4 ud af 5 bobler,5 anmeldelser
1260,20,Cafe Tilda,5 ud af 5 bobler,2 anmeldelser
1261,21,Grabz,"4,5 ud af 5 bobler",8 anmeldelser
1262,22,LETZ SUSHI FREDERIKSBERG,"3,5 ud af 5 bobler",18 anmeldelser
1263,23,Cafe Georg,4 ud af 5 bobler,7 anmeldelser
1264,24,Scamorza,"4,5 ud af 5 bobler",4 anmeldelser
1265,25,Juice'It,5 ud af 5 bobler,2 anmeldelser
1266,26,Klai's,"4,5 ud af 5 bobler",3 anmeldelser
1267,27,Cafe World,5 ud af 5 bobler,4 anmeldelser
1268,28,Madore,"4,5 ud af 5 bobler",3 anmeldelser
1269,29,Teppan House ApS,"3,5 ud af 5 bobler",41 anmeldelser
1270,30,LETZ SUSHI AMAGER,5 ud af 5 bobler,2 anmeldelser
1272,1,The Grid,5 ud af 5 bobler,2 anmeldelser
1273,2,Det Grønne Køkken,"4,5 ud af 5 bobler",4 anmeldelser
1274,3,Rohan Indian Restaurant,4 ud af 5 bobler,6 anmeldelser
1275,4,La Centrale,4 ud af 5 bobler,9 anmeldelser
1276,5,LETZ SUSHI VALBY,5 ud af 5 bobler,2 anmeldelser
1277,6,Zorro Pizza,4 ud af 5 bobler,6 anmeldelser
1278,7,Bageren I Nansensgade,5 ud af 5 bobler,2 anmeldelser
1279,8,Calories,"3,5 ud af 5 bobler",10 anmeldelser
1280,9,Phailin Thai Kitchen,4 ud af 5 bobler,8 anmeldelser
1281,10,Sikhui,"4,5 ud af 5 bobler",4 anmeldelser
1282,11,TATA - Cocktailbar,"3,5 ud af 5 bobler",6 anmeldelser
1283,12,Rbabarrab Ølbar,"4,5 ud af 5 bobler",3 anmeldelser
1284,13,Bagelsringen,"4,5 ud af 5 bobler",3 anmeldelser
1285,14,Funder,5 ud af 5 bobler,2 anmeldelser
1286,15,Ostehjornet,"4,5 ud af 5 bobler",4 anmeldelser
1287,16,Dinewithus,5 ud af 5 bobler,3 anmeldelser
1288,17,Café Livingstone,3 ud af 5 bobler,85 anmeldelser
1289,18,Aroii Thai Takeaway,4 ud af 5 bobler,7 anmeldelser
1290,19,Mille's Minis,4 ud af 5 bobler,5 anmeldelser
1291,20,Kaffe K,"4,5 ud af 5 bobler",3 anmeldelser
1292,21,Bindia,"3,5 ud af 5 bobler",14 anmeldelser
1293,22,Green Buddha,4 ud af 5 bobler,7 anmeldelser
1294,23,Botanisk Haves Café,4 ud af 5 bobler,4 anmeldelser
1295,24,Pasha Kebab,"3,5 ud af 5 bobler",21 anmeldelser
1296,25,Østergro,4 ud af 5 bobler,5 anmeldelser
1297,26,Favorit Baklavici,4 ud af 5 bobler,6 anmeldelser
1298,27,Tove Smorrebrod,5 ud af 5 bobler,2 anmeldelser
1299,28,Leonard's,5 ud af 5 bobler,2 anmeldelser
1300,29,Burgerklubben,"3,5 ud af 5 bobler",7 anmeldelser
1301,30,D.D. Thai Take Away,"4,5 ud af 5 bobler",4 anmeldelser
1303,1,Us Sandwich APS,"4,5 ud af 5 bobler",3 anmeldelser
1304,2,Opera Cafe,4 ud af 5 bobler,5 anmeldelser
1305,3,Damhuskanten,4 ud af 5 bobler,5 anmeldelser
1306,4,Olivaceous,"3,5 ud af 5 bobler",7 anmeldelser
1307,5,Sushi Station,4 ud af 5 bobler,5 anmeldelser
1309,7,A San Sushi,"3,5 ud af 5 bobler",8 anmeldelser
1310,8,Koi Sushi,5 ud af 5 bobler,3 anmeldelser
1311,9,Shabaz Kaffebar & Køkken,"3,5 ud af 5 bobler",6 anmeldelser
1313,11,Baguette Company,"4,5 ud af 5 bobler",3 anmeldelser
1315,13,Phago,"4,5 ud af 5 bobler",2 anmeldelser
1316,14,Koshari-Egyptisk Vegetarisk Street Food,"4,5 ud af 5 bobler",2 anmeldelser
1317,15,Restaurant Skipperkroen,"4,5 ud af 5 bobler",2 anmeldelser
1318,16,Tex Mex,"3,5 ud af 5 bobler",6 anmeldelser
1319,17,Shakes and Cakes,5 ud af 5 bobler,2 anmeldelser
1320,18,The Organic LAB,"3,5 ud af 5 bobler",11 anmeldelser
1321,19,Pronto Pizza III,"4,5 ud af 5 bobler",3 anmeldelser
1322,20,Stefanos Mad og Kaffe,"3,5 ud af 5 bobler",7 anmeldelser
1323,21,Cafiola,"3,5 ud af 5 bobler",24 anmeldelser
1324,22,Mahalle,4 ud af 5 bobler,3 anmeldelser
1325,23,Sweet Valentine,4 ud af 5 bobler,3 anmeldelser
1326,24,Her Er Ro Pub,"4,5 ud af 5 bobler",4 anmeldelser
1327,25,Nr. 30,4 ud af 5 bobler,3 anmeldelser
1328,26,Resturant Baglokalet,4 ud af 5 bobler,3 anmeldelser
1329,27,Café Phønix,"3,5 ud af 5 bobler",48 anmeldelser
1330,28,Sorte Firkant,4 ud af 5 bobler,5 anmeldelser
1331,29,Gaarden & Gaden,3 ud af 5 bobler,18 anmeldelser
1332,30,Bar rouge københavn,5 ud af 5 bobler,6 anmeldelser
1334,1,No. 31 - Wine & Food,"3,5 ud af 5 bobler",9 anmeldelser
1335,2,Wokbaren Spicylicious,"3,5 ud af 5 bobler",12 anmeldelser
1336,3,Nordisk Brodhus,4 ud af 5 bobler,6 anmeldelser
1337,4,Kafe Krone,"3,5 ud af 5 bobler",7 anmeldelser
1338,5,Fisk & Faerdigt,4 ud af 5 bobler,3 anmeldelser
1339,6,Asap Food,5 ud af 5 bobler,2 anmeldelser
1340,7,La Foretta,"3,5 ud af 5 bobler",6 anmeldelser
1341,8,Kababji Grill,4 ud af 5 bobler,2 anmeldelser
1342,9,Blue Raven,5 ud af 5 bobler,1 anmeldelse
1343,10,Cafe Badklubben,5 ud af 5 bobler,1 anmeldelse
1344,11,Garbanzo,5 ud af 5 bobler,1 anmeldelse
1345,12,Restaurant Kongen,5 ud af 5 bobler,1 anmeldelse
1346,13,Katsura Sushi,5 ud af 5 bobler,1 anmeldelse
1347,14,Vinbodegaen Frederiksberg,5 ud af 5 bobler,1 anmeldelse
1348,15,Dam Good Goodies,5 ud af 5 bobler,1 anmeldelse
1349,16,La Cipa Pizzaria,"4,5 ud af 5 bobler",2 anmeldelser
1350,17,Blaaregn,5 ud af 5 bobler,1 anmeldelse
1351,18,Woodomi,5 ud af 5 bobler,1 anmeldelse
1352,19,LETZ SUSHI ISLANDS BRYGGE,5 ud af 5 bobler,1 anmeldelse
1353,20,Kiin Kiin 71 omakase,5 ud af 5 bobler,1 anmeldelse
1354,21,Bella Italia,4 ud af 5 bobler,2 anmeldelser
1355,22,Tokyo Sushi,5 ud af 5 bobler,1 anmeldelse
1356,23,Wai Mai,5 ud af 5 bobler,1 anmeldelse
1357,24,Vores Marked,5 ud af 5 bobler,1 anmeldelse
1358,25,Baggard 27,5 ud af 5 bobler,1 anmeldelse
1359,26,Vestford Manor,5 ud af 5 bobler,2 anmeldelser
1360,27,Ismejeriet Tivoli,5 ud af 5 bobler,1 anmeldelse
1361,28,Shawarma Huset,5 ud af 5 bobler,1 anmeldelse
1362,29,LeLe Street Kitchen,5 ud af 5 bobler,1 anmeldelse
1363,30,Pub 53,5 ud af 5 bobler,1 anmeldelse
1365,1,VACA - Trianglen,5 ud af 5 bobler,1 anmeldelse
1366,2,Cafe Lille Peter V.Sild - Per Krog,5 ud af 5 bobler,1 anmeldelse
1368,4,Ipanema Café,"3,5 ud af 5 bobler",8 anmeldelser
1369,5,Tomasito - Cozy Coffee,5 ud af 5 bobler,1 anmeldelse
1370,6,Boheme Kaffebar,5 ud af 5 bobler,1 anmeldelse
1371,7,Yokoso Sushi,5 ud af 5 bobler,1 anmeldelse
1372,8,Minas Kaffebar,5 ud af 5 bobler,1 anmeldelse
1373,9,Vietnam House,4 ud af 5 bobler,3 anmeldelser
1374,10,Vintage Coffee,5 ud af 5 bobler,1 anmeldelse
1375,11,Oishi Sushi,5 ud af 5 bobler,1 anmeldelse
1376,12,Limdim,5 ud af 5 bobler,1 anmeldelse
1377,13,Kosmos K,5 ud af 5 bobler,1 anmeldelse
1378,14,Wok Inside,5 ud af 5 bobler,1 anmeldelse
1379,15,RaJuize,5 ud af 5 bobler,1 anmeldelse
1380,16,Grand Teatret,5 ud af 5 bobler,1 anmeldelse
1381,17,Islands Brygge 21,"3,5 ud af 5 bobler",12 anmeldelser
1382,18,Den okologiske poles and,5 ud af 5 bobler,2 anmeldelser
1383,19,Uden Ben,5 ud af 5 bobler,1 anmeldelse
1384,20,Kyoto Restaurant,3 ud af 5 bobler,91 anmeldelser
1385,21,Indian Tandoor Restaurant,5 ud af 5 bobler,1 anmeldelse
1386,22,Motley,"3,5 ud af 5 bobler",7 anmeldelser
1387,23,Curry Club,4 ud af 5 bobler,2 anmeldelser
1389,25,Fu Wa Restaurant,"3,5 ud af 5 bobler",22 anmeldelser
1390,26,Sala Thai Mad,5 ud af 5 bobler,1 anmeldelse
1391,27,Tit Is,5 ud af 5 bobler,1 anmeldelse
1392,28,Front bistro & bar,"3,5 ud af 5 bobler",4 anmeldelser
1393,29,Enigma Kantina,4 ud af 5 bobler,3 anmeldelser
1394,30,Tapas G.,3 ud af 5 bobler,95 anmeldelser
1396,1,Underwood Ink,5 ud af 5 bobler,2 anmeldelser
1397,2,Street Polenta,5 ud af 5 bobler,1 anmeldelse
1398,3,Mae Pen,"3,5 ud af 5 bobler",9 anmeldelser
1399,4,Bentzons Pizzaria,5 ud af 5 bobler,1 anmeldelse
1400,5,The Rusty Jiggar,5 ud af 5 bobler,1 anmeldelse
1401,6,Hugo's Pizzaria,4 ud af 5 bobler,2 anmeldelser
1402,7,Café Nöah,3 ud af 5 bobler,21 anmeldelser
1403,8,CC Restaurant Sushi & Wok,5 ud af 5 bobler,1 anmeldelse
1405,10,Veneto Pizza,5 ud af 5 bobler,1 anmeldelse
1406,11,Havnegade Fiskehandel,4 ud af 5 bobler,2 anmeldelser
1407,12,Café A,"3,5 ud af 5 bobler",4 anmeldelser
1408,13,Kantina,4 ud af 5 bobler,2 anmeldelser
1409,14,Dhaba Indian Street Food,"3,5 ud af 5 bobler",17 anmeldelser
1410,15,Gastronomia Italiana,5 ud af 5 bobler,1 anmeldelse
1411,16,Passion Pizza,4 ud af 5 bobler,2 anmeldelser
1412,17,Egils Deli,"3,5 ud af 5 bobler",7 anmeldelser
1413,18,Lins Sushi,5 ud af 5 bobler,1 anmeldelse
1415,20,The Bagel CO,5 ud af 5 bobler,1 anmeldelse
1416,21,Cafe Midtown Bar,4 ud af 5 bobler,2 anmeldelser
1417,22,Coffee Licious,5 ud af 5 bobler,1 anmeldelse
1418,23,Piccola Cosi,5 ud af 5 bobler,1 anmeldelse
1419,24,1408,"3,5 ud af 5 bobler",6 anmeldelser
1420,25,Café Ocean,5 ud af 5 bobler,1 anmeldelse
1421,26,Tuttitalia Trattoria Pizzeria,5 ud af 5 bobler,1 anmeldelse
1422,27,Nye Tider,5 ud af 5 bobler,1 anmeldelse
1423,28,Cafe Tænk,"3,5 ud af 5 bobler",8 anmeldelser
1424,29,Ciderbar,5 ud af 5 bobler,1 anmeldelse
1425,30,CCR Sunde Køkken,5 ud af 5 bobler,1 anmeldelse
1427,1,Tacopop,"3,5 ud af 5 bobler",15 anmeldelser
1428,2,Pizza Gallery Ravnsborggade,5 ud af 5 bobler,1 anmeldelse
1429,3,India,5 ud af 5 bobler,1 anmeldelse
1431,5,Louise,"3,5 ud af 5 bobler",6 anmeldelser
1432,6,Hermes Antik & Kaffebar,5 ud af 5 bobler,1 anmeldelse
1433,7,H Kitchen,"3,5 ud af 5 bobler",9 anmeldelser
1434,8,Grand Cafe Field's,"3,5 ud af 5 bobler",12 anmeldelser
1435,9,Cock's & Cows Prags Blvd,3 ud af 5 bobler,24 anmeldelser
1436,10,Prætoria Bar,5 ud af 5 bobler,1 anmeldelse
1437,11,Madonna Burgerbar,"3,5 ud af 5 bobler",3 anmeldelser
1438,12,CPH Burger & Steakhouse,"3,5 ud af 5 bobler",4 anmeldelser
1439,13,Th. Soerensen,"3,5 ud af 5 bobler",17 anmeldelser
1440,14,Cafe T,4 ud af 5 bobler,2 anmeldelser
1442,16,The Bagel Co,"3,5 ud af 5 bobler",4 anmeldelser
1443,17,Marrakesh Kitchen,"4,5 ud af 5 bobler",2 anmeldelser
1444,18,Send flere krydderier,"3,5 ud af 5 bobler",6 anmeldelser
1445,19,The Set,5 ud af 5 bobler,1 anmeldelse
1446,20,Kinesiske Mur,"3,5 ud af 5 bobler",46 anmeldelser
1447,21,BarPasta,"3,5 ud af 5 bobler",3 anmeldelser
1448,22,Mon Amour Pâtissier - Glacier,"3,5 ud af 5 bobler",3 anmeldelser
1449,23,Biblioteket Danasvej,5 ud af 5 bobler,1 anmeldelse
1450,24,Piccolino Pizzeria & Sandwichbar,4 ud af 5 bobler,2 anmeldelser
1451,25,Pizzeria Pepe,5 ud af 5 bobler,1 anmeldelse
1452,26,Figaro,"3,5 ud af 5 bobler",5 anmeldelser
1453,27,Axolotl,5 ud af 5 bobler,1 anmeldelse
1454,28,Cafe Dubai,"3,5 ud af 5 bobler",3 anmeldelser
1455,29,K15,"3,5 ud af 5 bobler",6 anmeldelser
1456,30,La focaccia,3 ud af 5 bobler,9 anmeldelser
1458,1,Yolkie Egg Joint,"3,5 ud af 5 bobler",5 anmeldelser
1459,2,Sultan Palace,3 ud af 5 bobler,77 anmeldelser
1460,3,El Guanche,"3,5 ud af 5 bobler",4 anmeldelser
1461,4,Cafe Hyggestuen,4 ud af 5 bobler,3 anmeldelser
1462,5,New Tokyo Sushi,5 ud af 5 bobler,1 anmeldelse
1463,6,Guldkroen 11,3 ud af 5 bobler,56 anmeldelser
1464,7,Cheesecake Huset,"3,5 ud af 5 bobler",8 anmeldelser
1465,8,Wabiwabi Sushi & More,3 ud af 5 bobler,52 anmeldelser
1466,9,Dragon Grill Express,"3,5 ud af 5 bobler",11 anmeldelser
1467,10,Bedste kaffebar i kbh,5 ud af 5 bobler,1 anmeldelse
1468,11,Café Baggården,5 ud af 5 bobler,1 anmeldelse
1469,12,Green & Yellow Restaurant,"3,5 ud af 5 bobler",4 anmeldelser
1470,13,TS Smørrebrød,"3,5 ud af 5 bobler",3 anmeldelser
1471,14,Suyiyaki Japansk Restaurant,"3,5 ud af 5 bobler",3 anmeldelser
1472,15,Pejsegaarden,"3,5 ud af 5 bobler",2 anmeldelser
1473,16,Ristorante & Pizzeria Il Rustico,4 ud af 5 bobler,1 anmeldelse
1474,17,Greta's,4 ud af 5 bobler,1 anmeldelse
1475,18,Kopan Street,4 ud af 5 bobler,1 anmeldelse
1476,19,Bryggen11,4 ud af 5 bobler,1 anmeldelse
1477,20,Il Borgo,4 ud af 5 bobler,1 anmeldelse
1478,21,Isklubben CPH,4 ud af 5 bobler,1 anmeldelse
1479,22,7 Eleven,"3,5 ud af 5 bobler",2 anmeldelser
1480,23,Okawari Sushi,"3,5 ud af 5 bobler",3 anmeldelser
1481,24,cafe Emil,3 ud af 5 bobler,34 anmeldelser
1482,25,Cafe Paris,4 ud af 5 bobler,1 anmeldelse
1483,26,Cafe Arcade,4 ud af 5 bobler,1 anmeldelse
1484,27,Radhusstræde BAGEL & SALATBAR,4 ud af 5 bobler,1 anmeldelse
1485,28,Cafe Palads,4 ud af 5 bobler,1 anmeldelse
1486,29,MAUI Reykjaviksgade ApS,"3,5 ud af 5 bobler",3 anmeldelser
1487,30,Stuen 11,4 ud af 5 bobler,1 anmeldelse
1489,1,Laboca,"3,5 ud af 5 bobler",2 anmeldelser
1490,2,Karamba,"3,5 ud af 5 bobler",3 anmeldelser
1492,4,Güllüoglu,4 ud af 5 bobler,1 anmeldelse
1493,5,Palæo Frederiksberg Center,"3,5 ud af 5 bobler",4 anmeldelser
1494,6,Mät Copenhagen,3 ud af 5 bobler,162 anmeldelser
1495,7,Krôyers,3 ud af 5 bobler,45 anmeldelser
1496,8,Antico Forno a Legna,4 ud af 5 bobler,1 anmeldelse
1498,10,Hunkar Restaurant,4 ud af 5 bobler,2 anmeldelser
1499,11,LETZ SUSHI NØRREBRO,"3,5 ud af 5 bobler",9 anmeldelser
1500,12,Mozarts grill,4 ud af 5 bobler,1 anmeldelse
1501,13,Bavnehøj Smørrebrød & Sandwich,"3,5 ud af 5 bobler",2 anmeldelser
1502,14,Orientalsk Steak House,4 ud af 5 bobler,1 anmeldelse
1503,15,Ost deli,5 ud af 5 bobler,1 anmeldelse
1504,16,Kebab Street kitchen,4 ud af 5 bobler,1 anmeldelse
1505,17,Cous Cous,5 ud af 5 bobler,1 anmeldelse
1506,18,Intermezzo,"3,5 ud af 5 bobler",3 anmeldelser
1507,19,Bulko,3 ud af 5 bobler,10 anmeldelser
1508,20,Rosengarden Bodega,"3,5 ud af 5 bobler",8 anmeldelser
1509,21,Den Go'e Kaffebar,5 ud af 5 bobler,7 anmeldelser
1510,22,Cafe Betty Aps,4 ud af 5 bobler,1 anmeldelse
1511,23,Teglholmens-Cafe,4 ud af 5 bobler,1 anmeldelse
1512,24,Cucinetta,3 ud af 5 bobler,29 anmeldelser
1513,25,Cafe Grusgraven,"3,5 ud af 5 bobler",5 anmeldelser
1514,26,Café La Grotte,4 ud af 5 bobler,1 anmeldelse
1515,27,Café Delfinen,4 ud af 5 bobler,1 anmeldelse
1516,28,Akiba Sushi & Wok,3 ud af 5 bobler,15 anmeldelser
1517,29,Fuyi,"3,5 ud af 5 bobler",2 anmeldelser
1518,30,Mediterranean Kitchen,3 ud af 5 bobler,29 anmeldelser
1522,3,Bellmans café,4 ud af 5 bobler,1 anmeldelse
1523,4,Styrmanden Cafe-Restaurant,4 ud af 5 bobler,1 anmeldelse
1524,5,Vietnam Quan,"3,5 ud af 5 bobler",4 anmeldelser
1527,8,Legi Legi,5 ud af 5 bobler,1 anmeldelse
1528,9,Julios Pizze Cucina (Marios Express Pizza),4 ud af 5 bobler,1 anmeldelse
1529,10,Café Le Rouge,3 ud af 5 bobler,6 anmeldelser
1530,11,Thaiaway,"3,5 ud af 5 bobler",3 anmeldelser
1531,12,Rendez,3 ud af 5 bobler,10 anmeldelser
1532,13,Cafe casa denmark,"3,5 ud af 5 bobler",18 anmeldelser
1533,14,Cafe Maroc,"3,5 ud af 5 bobler",4 anmeldelser
1534,15,Det go'e Smørrebrød,4 ud af 5 bobler,1 anmeldelse
1535,16,Il Paradiso,5 ud af 5 bobler,1 anmeldelse
1536,17,YamYam,3 ud af 5 bobler,10 anmeldelser
1537,18,King Of Kebab Pizza & Grill,3 ud af 5 bobler,11 anmeldelser
1538,19,The Green Corner,4 ud af 5 bobler,1 anmeldelse
1539,20,Gusto Italiano,"3,5 ud af 5 bobler",3 anmeldelser
1540,21,Sydhavnens Pizzaria,"3,5 ud af 5 bobler",6 anmeldelser
1541,22,Osteriet & Ko,"3,5 ud af 5 bobler",2 anmeldelser
1542,23,Tacos Chucho,"3,5 ud af 5 bobler",3 anmeldelser
1543,24,Rosenborggade,4 ud af 5 bobler,1 anmeldelse
1545,26,Cafe La Bella Ristorante,"3,5 ud af 5 bobler",7 anmeldelser
1546,27,Flisen Bar & Burgers,"3,5 ud af 5 bobler",3 anmeldelser
1547,28,Amarone,3 ud af 5 bobler,93 anmeldelser
1548,29,Giin Khao,"3,5 ud af 5 bobler",8 anmeldelser
1549,30,Kaffebaren Soender Boulevard 68,4 ud af 5 bobler,1 anmeldelse
1551,1,Sushi Time,4 ud af 5 bobler,1 anmeldelse
1552,2,Café B,3 ud af 5 bobler,21 anmeldelser
1553,3,Olsen,4 ud af 5 bobler,1 anmeldelse
1554,4,Malta Cafeteria Og Selskabslokaler,4 ud af 5 bobler,1 anmeldelse
1555,5,Just Thai,3 ud af 5 bobler,82 anmeldelser
1556,6,Sushiya,3 ud af 5 bobler,8 anmeldelser
1557,7,El Porron,"3,5 ud af 5 bobler",129 anmeldelser
1558,8,Mama Mia,3 ud af 5 bobler,9 anmeldelser
1559,9,Café La Vento,3 ud af 5 bobler,5 anmeldelser
1560,10,Lounge V120,4 ud af 5 bobler,1 anmeldelse
1561,11,wokAmok,3 ud af 5 bobler,7 anmeldelser
1562,12,Spicy Lounge,3 ud af 5 bobler,5 anmeldelser
1563,13,Grab ’n' Go Burgers,3 ud af 5 bobler,8 anmeldelser
1564,14,Beduin Bar,"3,5 ud af 5 bobler",4 anmeldelser
1565,15,Brasseriet,"3,5 ud af 5 bobler",3 anmeldelser
1566,16,Nena's,4 ud af 5 bobler,1 anmeldelse
1567,17,Min Sandwich,"3,5 ud af 5 bobler",2 anmeldelser
1568,18,Sweet Giulia,"3,5 ud af 5 bobler",3 anmeldelser
1569,19,Gelato Italiano,3 ud af 5 bobler,8 anmeldelser
1570,20,Sumo Sushi,"3,5 ud af 5 bobler",5 anmeldelser
1571,21,Lou Lou,3 ud af 5 bobler,24 anmeldelser
1572,22,The Harbour Grill,3 ud af 5 bobler,19 anmeldelser
1573,23,Foodish,"3,5 ud af 5 bobler",2 anmeldelser
1574,24,Brod Vaerten,3 ud af 5 bobler,2 anmeldelser
1575,25,Halmtorvet 9,"3,5 ud af 5 bobler",11 anmeldelser
1576,26,Pizza Dronning Regina,"3,5 ud af 5 bobler",4 anmeldelser
1577,27,Gorm bakery,3 ud af 5 bobler,10 anmeldelser
1578,28,Middelgrundsfortet,"3,5 ud af 5 bobler",3 anmeldelser
1579,29,King Chicken,"3,5 ud af 5 bobler",4 anmeldelser
1580,30,Vietnam,"3,5 ud af 5 bobler",20 anmeldelser
1582,1,Restaurant Little Italy,3 ud af 5 bobler,38 anmeldelser
1583,2,Elefanten,3 ud af 5 bobler,7 anmeldelser
1584,3,Woodhouse Lounge,3 ud af 5 bobler,9 anmeldelser
1585,4,Mecca,3 ud af 5 bobler,4 anmeldelser
1586,5,AC Lounge,3 ud af 5 bobler,11 anmeldelser
1587,6,Shiimi - A New Taste of Thailand,3 ud af 5 bobler,2 anmeldelser
1588,7,Cafe Suhrs,3 ud af 5 bobler,2 anmeldelser
1589,8,Vi Viet,5 ud af 5 bobler,29 anmeldelser
1590,9,Mamma's,3 ud af 5 bobler,13 anmeldelser
1591,10,Mr. Rice,3 ud af 5 bobler,1 anmeldelse
1593,12,Nordic Noodles,3 ud af 5 bobler,1 anmeldelse
1594,13,Kuzhi,3 ud af 5 bobler,1 anmeldelse
1595,14,Columbia Chicken & Burger,3 ud af 5 bobler,1 anmeldelse
1596,15,Strædets Kaffebar,3 ud af 5 bobler,1 anmeldelse
1597,16,Jabob's Bageri,3 ud af 5 bobler,1 anmeldelse
1598,17,Cafe Temptation,3 ud af 5 bobler,1 anmeldelse
1599,18,The Mexican Donkey,3 ud af 5 bobler,1 anmeldelse
1600,19,Arket,3 ud af 5 bobler,1 anmeldelse
1601,20,Cafe Globetrotter,3 ud af 5 bobler,1 anmeldelse
1602,21,Roma Pizzeria & Grill,3 ud af 5 bobler,1 anmeldelse
1603,22,Carl's Madhus,3 ud af 5 bobler,1 anmeldelse
1604,23,7-Eleven,3 ud af 5 bobler,1 anmeldelse
1605,24,hotel Amerika,3 ud af 5 bobler,1 anmeldelse
1606,25,Restaurant Fodkold,3 ud af 5 bobler,1 anmeldelse
1607,26,Blomst,3 ud af 5 bobler,2 anmeldelser
1608,27,Stubben Cafe & Bar,3 ud af 5 bobler,1 anmeldelse
1609,28,Hiko Pizza,3 ud af 5 bobler,2 anmeldelser
1610,29,ArkArd,3 ud af 5 bobler,1 anmeldelse
1611,30,Um Hanza,3 ud af 5 bobler,1 anmeldelse
1613,1,Kødbyens Rosébar,3 ud af 5 bobler,1 anmeldelse
1614,2,Indian Flavours,3 ud af 5 bobler,30 anmeldelser
1615,3,Philly's Danmark,3 ud af 5 bobler,2 anmeldelser
1616,4,Cafe Phenix,3 ud af 5 bobler,28 anmeldelser
1617,5,Café Bambú,3 ud af 5 bobler,3 anmeldelser
1618,6,YoSushi,3 ud af 5 bobler,31 anmeldelser
1619,7,LETZ SUSHI ØSTERBRO,"3,5 ud af 5 bobler",19 anmeldelser
1620,8,Burger Palace,3 ud af 5 bobler,21 anmeldelser
1621,9,Thali,3 ud af 5 bobler,2 anmeldelser
1622,10,Ishuset,3 ud af 5 bobler,2 anmeldelser
1623,11,Cafe Restaurant Bar Hollywood,3 ud af 5 bobler,4 anmeldelser
1624,12,Restaurant Eldorado,3 ud af 5 bobler,19 anmeldelser
1625,13,LETZ SUSHI FISKETORVET,3 ud af 5 bobler,16 anmeldelser
1626,14,Dorfs Gastrobar,3 ud af 5 bobler,16 anmeldelser
1627,15,Strand Pizza,3 ud af 5 bobler,3 anmeldelser
1628,16,Café Koebenhavn,"2,5 ud af 5 bobler",2 anmeldelser
1629,17,Sicilia Pizzeria,3 ud af 5 bobler,5 anmeldelser
1630,18,Café Danasia,"4,5 ud af 5 bobler",3 anmeldelser
1631,19,Guldgrillen,3 ud af 5 bobler,28 anmeldelser
1632,20,Pizza House,3 ud af 5 bobler,14 anmeldelser
1633,21,Hansens Is Kaffe,3 ud af 5 bobler,2 anmeldelser
1634,22,Kebaben,3 ud af 5 bobler,3 anmeldelser
1635,23,Rosetta Delikatesser,3 ud af 5 bobler,3 anmeldelser
1636,24,Jin Cheng,3 ud af 5 bobler,13 anmeldelser
1637,25,Atletica,4 ud af 5 bobler,6 anmeldelser
1638,26,Nubilo Pizza,3 ud af 5 bobler,2 anmeldelser
1639,27,Backstage Bar & Restaurant,3 ud af 5 bobler,16 anmeldelser
1640,28,Canton Restaurant,3 ud af 5 bobler,73 anmeldelser
1641,29,Restaurant Laura,3 ud af 5 bobler,31 anmeldelser
1642,30,Great China,3 ud af 5 bobler,13 anmeldelser
1644,1,McDonald's Kongens Nytorv,3 ud af 5 bobler,9 anmeldelser
1645,2,Indiana Mexican Restaurant,3 ud af 5 bobler,51 anmeldelser
1646,3,Mocca Kaffebar,3 ud af 5 bobler,7 anmeldelser
1647,4,Barock,3 ud af 5 bobler,696 anmeldelser
1648,5,Senorita Mexicansk Restaurant,3 ud af 5 bobler,105 anmeldelser
1649,6,Restaurant Barcelona,3 ud af 5 bobler,16 anmeldelser
1650,7,Cafe Ludwigsen,3 ud af 5 bobler,8 anmeldelser
1651,8,Hennings Corner,3 ud af 5 bobler,2 anmeldelser
1652,9,India Palace Restaurant,3 ud af 5 bobler,231 anmeldelser
1653,10,XO Burgers and Steaks,3 ud af 5 bobler,5 anmeldelser
1654,11,Teglværket,3 ud af 5 bobler,7 anmeldelser
1655,12,Cafe Bopa,3 ud af 5 bobler,132 anmeldelser
1656,13,Restaurant Royal Palace,3 ud af 5 bobler,44 anmeldelser
1657,14,Wedo burgers,3 ud af 5 bobler,7 anmeldelser
1658,15,Cafe Two o Two,3 ud af 5 bobler,5 anmeldelser
1659,16,Chuck & Cherry,2 ud af 5 bobler,1 anmeldelse
1660,17,The Old Irish Pub,3 ud af 5 bobler,12 anmeldelser
1661,18,7/11,"2,5 ud af 5 bobler",3 anmeldelser
1662,19,Eataly,"2,5 ud af 5 bobler",2 anmeldelser
1663,20,Bodega Tivoli Vinstue,"2,5 ud af 5 bobler",4 anmeldelser
1665,22,7 Seas Restaurant,3 ud af 5 bobler,25 anmeldelser
1666,23,Vestauranten,"2,5 ud af 5 bobler",19 anmeldelser
1667,24,Kafeteria,3 ud af 5 bobler,15 anmeldelser
1668,25,Kellerdirk,3 ud af 5 bobler,29 anmeldelser
1669,26,Palermo Pizza,2 ud af 5 bobler,1 anmeldelse
1670,27,Nachos,"2,5 ud af 5 bobler",2 anmeldelser
1671,28,Fuji sushi,3 ud af 5 bobler,23 anmeldelser
1672,29,Cafe Sundet,3 ud af 5 bobler,40 anmeldelser
1673,30,Bobuska,"2,5 ud af 5 bobler",2 anmeldelser
1675,1,Cocolo,2 ud af 5 bobler,1 anmeldelse
1676,2,Retreat,"3,5 ud af 5 bobler",7 anmeldelser
1677,3,Stefanos Grønne Hjørne,3 ud af 5 bobler,12 anmeldelser
1678,4,Maggies,3 ud af 5 bobler,21 anmeldelser
1679,5,Pirateriet,3 ud af 5 bobler,58 anmeldelser
1680,6,Baobab,5 ud af 5 bobler,2 anmeldelser
1681,7,Restaurant New Ankara,"2,5 ud af 5 bobler",6 anmeldelser
1682,8,Carisma ApS,1 ud af 5 bobler,1 anmeldelse
1683,9,Fisch-Art,"2,5 ud af 5 bobler",11 anmeldelser
1684,10,Happy Sushi,3 ud af 5 bobler,19 anmeldelser
1685,11,Kashmir,2 ud af 5 bobler,1 anmeldelse
1686,12,Restaurant Babylon,2 ud af 5 bobler,2 anmeldelser
1687,13,Cafe A,3 ud af 5 bobler,49 anmeldelser
1688,14,Den skaldede Kok,"2,5 ud af 5 bobler",16 anmeldelser
1689,15,Benvenuti Pizzeria Emdrup,3 ud af 5 bobler,4 anmeldelser
1690,16,Chinos,"2,5 ud af 5 bobler",4 anmeldelser
1691,17,Wan Hao,3 ud af 5 bobler,17 anmeldelser
1692,18,Restaurant Nova,3 ud af 5 bobler,470 anmeldelser
1693,19,Spise/Bar15,"2,5 ud af 5 bobler",6 anmeldelser
1694,20,Mat 99,"2,5 ud af 5 bobler",10 anmeldelser
1695,21,Kageværket,"2,5 ud af 5 bobler",4 anmeldelser
1696,22,Lazio Italiano,"2,5 ud af 5 bobler",4 anmeldelser
1697,23,Axelborg Chinese Restaurant,3 ud af 5 bobler,40 anmeldelser
1698,24,McDonald's,3 ud af 5 bobler,8 anmeldelser
1699,25,Kervan,3 ud af 5 bobler,8 anmeldelser
1700,26,Restaurant Balkonen,1 ud af 5 bobler,1 anmeldelse
1701,27,Mama Rosa,3 ud af 5 bobler,476 anmeldelser
1702,28,Pause,3 ud af 5 bobler,17 anmeldelser
1703,29,The Potato Factory,2 ud af 5 bobler,4 anmeldelser
1704,30,PS Bar,"2,5 ud af 5 bobler",27 anmeldelser
1707,2,Thaiboksen,2 ud af 5 bobler,2 anmeldelser
1708,3,Kaelderen 13,"2,5 ud af 5 bobler",3 anmeldelser
1709,4,Punjabi,2 ud af 5 bobler,2 anmeldelser
1710,5,La Sirene,3 ud af 5 bobler,356 anmeldelser
1711,6,Dāna,"2,5 ud af 5 bobler",3 anmeldelser
1712,7,Thai2You,"2,5 ud af 5 bobler",14 anmeldelser
1713,8,Indian Ocean,"2,5 ud af 5 bobler",15 anmeldelser
1714,9,VACA - Mexican Finger Food,"2,5 ud af 5 bobler",9 anmeldelser
1715,10,Gastronomia Italiana Dieci,1 ud af 5 bobler,1 anmeldelse
1716,11,Pizzaport Femøren,"2,5 ud af 5 bobler",7 anmeldelser
1717,12,Kentucky Fried Chicken,"2,5 ud af 5 bobler",8 anmeldelser
1718,13,Medina,"2,5 ud af 5 bobler",14 anmeldelser
1719,14,Kujaku,1 ud af 5 bobler,1 anmeldelse
1720,15,Cafe Ultimo,"2,5 ud af 5 bobler",46 anmeldelser
1721,16,MammaMia,"2,5 ud af 5 bobler",24 anmeldelser
1722,17,Blox Eats,"2,5 ud af 5 bobler",14 anmeldelser
1723,18,Café Dan Turell,"2,5 ud af 5 bobler",91 anmeldelser
1724,19,The American Restaurant & Diner,"2,5 ud af 5 bobler",132 anmeldelser
1725,20,Cafe´Clouseau,"2,5 ud af 5 bobler",4 anmeldelser
1726,21,Asian Palace,"2,5 ud af 5 bobler",19 anmeldelser
1727,22,Cafe Q,"1,5 ud af 5 bobler",2 anmeldelser
1728,23,Pizzeria Leo - Sølvgade,"2,5 ud af 5 bobler",5 anmeldelser
1729,24,Mint By India Royale,"4,5 ud af 5 bobler",12 anmeldelser
1730,25,Cafe Wok,1 ud af 5 bobler,1 anmeldelse
1731,26,Præg Kaffebar,1 ud af 5 bobler,1 anmeldelse
1732,27,Café Stafetten,"2,5 ud af 5 bobler",24 anmeldelser
1733,28,Pasta Mania,3 ud af 5 bobler,22 anmeldelser
1735,30,Dwaraka Indisk Restaurant,1 ud af 5 bobler,1 anmeldelse
1737,1,Restaurant OASI'D ITALIA,"2,5 ud af 5 bobler",31 anmeldelser
1738,2,Nachos Vesterbrogade,"2,5 ud af 5 bobler",16 anmeldelser
1739,3,Cafe Restaurant Hollywood,"1,5 ud af 5 bobler",2 anmeldelser
1740,4,Venus Pizzeria,"2,5 ud af 5 bobler",17 anmeldelser
1741,5,Bagel Factory,2 ud af 5 bobler,4 anmeldelser
1742,6,Go Away,"2,5 ud af 5 bobler",7 anmeldelser
1743,7,Salonen,"4,5 ud af 5 bobler",5 anmeldelser
1744,8,Konnild's,"2,5 ud af 5 bobler",28 anmeldelser
1745,9,Kung Fu Street Food Tivoli Food Hall,"2,5 ud af 5 bobler",23 anmeldelser
1747,11,The Viking House,"2,5 ud af 5 bobler",26 anmeldelser
1748,12,Copenhagen Diner 'n' Steak,"2,5 ud af 5 bobler",8 anmeldelser
1749,13,La Coruna Pizza,"1,5 ud af 5 bobler",2 anmeldelser
1750,14,Richmond Hotel Restaurant,"2,5 ud af 5 bobler",54 anmeldelser
1751,15,Restaurant Sunnyside,"2,5 ud af 5 bobler",8 anmeldelser
1752,16,Copenhagen Asian Food,"1,5 ud af 5 bobler",2 anmeldelser
1753,17,Upper Crust,"2,5 ud af 5 bobler",13 anmeldelser
1754,18,Khorn Vesterbro,"2,5 ud af 5 bobler",4 anmeldelser
1755,19,Gorm's Fisketorvet,"2,5 ud af 5 bobler",47 anmeldelser
1756,20,Restaurant Beijing,"2,5 ud af 5 bobler",101 anmeldelser
1757,21,Cafe Emma,"2,5 ud af 5 bobler",92 anmeldelser
1758,22,Cafe Cornelius,"2,5 ud af 5 bobler",13 anmeldelser
1759,23,Montgomerycph,2 ud af 5 bobler,4 anmeldelser
1760,24,RicenCurry,"2,5 ud af 5 bobler",9 anmeldelser
1761,25,Café CiCi,"2,5 ud af 5 bobler",87 anmeldelser
1762,26,Crispy Pig,5 ud af 5 bobler,1 anmeldelse
1764,28,Cph Asian Food,"2,5 ud af 5 bobler",15 anmeldelser
1766,30,Den sorte gryde,2 ud af 5 bobler,4 anmeldelser
1768,1,Kafe Kapers,"2,5 ud af 5 bobler",108 anmeldelser
1770,3,Foodmarket - Terminal 2,"2,5 ud af 5 bobler",32 anmeldelser
1772,5,Eros,"3,5 ud af 5 bobler",220 anmeldelser
1774,7,China,2 ud af 5 bobler,13 anmeldelser
1775,8,Star Midnight Kebab-Grill,1 ud af 5 bobler,2 anmeldelser
1776,9,Flintholm Sushi - Running Sushi Og Take Away,2 ud af 5 bobler,10 anmeldelser
1777,10,Ristorante Santoni,"2,5 ud af 5 bobler",152 anmeldelser
1778,11,Almanac,1 ud af 5 bobler,2 anmeldelser
1779,12,Bøfhus,"2,5 ud af 5 bobler",35 anmeldelser
1780,13,Burger King,1 ud af 5 bobler,2 anmeldelser
1781,14,Scandi Cafe,"2,5 ud af 5 bobler",83 anmeldelser
1782,15,HC Andersens Cafe,"2,5 ud af 5 bobler",24 anmeldelser
1783,16,Grill 110 & Sandwich,2 ud af 5 bobler,7 anmeldelser
1784,17,Original Coffee Nordhavn,2 ud af 5 bobler,5 anmeldelser
1785,18,Den Sorte Gryde,2 ud af 5 bobler,13 anmeldelser
1786,19,Restaurant Parnas,"2,5 ud af 5 bobler",73 anmeldelser
1787,20,Constellation Burger,2 ud af 5 bobler,21 anmeldelser
1788,21,America's Grill,"2,5 ud af 5 bobler",72 anmeldelser
1789,22,Big bowl,"2,5 ud af 5 bobler",35 anmeldelser
1790,23,Krunch,"1,5 ud af 5 bobler",7 anmeldelser
1791,24,The Jock,"3,5 ud af 5 bobler",8 anmeldelser
1792,25,Express Pizza,"3,5 ud af 5 bobler",18 anmeldelser
1793,26,Aviator Lounge,"2,5 ud af 5 bobler",67 anmeldelser
1794,27,Hereford Steak House & Cafe New York,2 ud af 5 bobler,33 anmeldelser
1795,28,Ammessi,2 ud af 5 bobler,25 anmeldelser
1796,29,Nachos Mexican Restaurant,"2,5 ud af 5 bobler",119 anmeldelser
1797,30,City Kroen,"2,5 ud af 5 bobler",175 anmeldelser
1799,1,Burger King Frederiksborggade,2 ud af 5 bobler,8 anmeldelser
1800,2,Sushibar Fields,2 ud af 5 bobler,31 anmeldelser
1801,3,Tapas Revolution,2 ud af 5 bobler,88 anmeldelser
1802,4,Cafe-Pavillonen,2 ud af 5 bobler,11 anmeldelser
1803,5,Yam Yam,"1,5 ud af 5 bobler",15 anmeldelser
1804,6,The Taco Shop,2 ud af 5 bobler,36 anmeldelser
1805,7,Kokken & Karry,"1,5 ud af 5 bobler",17 anmeldelser
1806,8,"KFC, Rådhuspladsen",2 ud af 5 bobler,19 anmeldelser
1808,10,Restaurant Provianten,2 ud af 5 bobler,24 anmeldelser
1809,11,Hong Kong Restaurant,2 ud af 5 bobler,53 anmeldelser
1810,12,Dan Dan Restaurant,"1,5 ud af 5 bobler",26 anmeldelser
1811,13,Cafe Sari,2 ud af 5 bobler,54 anmeldelser
1812,14,Restaurant Amalfi,"3,5 ud af 5 bobler",372 anmeldelser
1813,15,Rouge Oysters,4 ud af 5 bobler,1 anmeldelse
1814,16,Kaktus,4 ud af 5 bobler,1 anmeldelse
1815,17,Osteria 16,5 ud af 5 bobler,1 anmeldelse
